-- phpMyAdmin SQL Dump
-- version 5.0.4deb2+deb11u1
-- https://www.phpmyadmin.net/
--
-- Počítač: localhost:3306
-- Vytvořeno: Sob 18. úno 2023, 14:35
-- Verze serveru: 10.5.18-MariaDB-0+deb11u1
-- Verze PHP: 7.4.33

SET SQL_MODE = "NO_AUTO_VALUE_ON_ZERO";
START TRANSACTION;
SET time_zone = "+00:00";


/*!40101 SET @OLD_CHARACTER_SET_CLIENT=@@CHARACTER_SET_CLIENT */;
/*!40101 SET @OLD_CHARACTER_SET_RESULTS=@@CHARACTER_SET_RESULTS */;
/*!40101 SET @OLD_COLLATION_CONNECTION=@@COLLATION_CONNECTION */;
/*!40101 SET NAMES utf8mb4 */;

--
-- Databáze: `seminare`
--

-- --------------------------------------------------------

--
-- Struktura tabulky `seminare`
--

CREATE TABLE `seminare` (
  `id` int(11) NOT NULL,
  `cislo` varchar(11) DEFAULT NULL,
  `nazev` longtext DEFAULT NULL,
  `ucitel` longtext DEFAULT NULL,
  `hodin` int(11) DEFAULT NULL,
  `anotace` longtext DEFAULT NULL,
  `pro5` tinyint(4) DEFAULT NULL,
  `pro6` tinyint(4) DEFAULT NULL,
  `pro7` tinyint(4) DEFAULT NULL,
  `pro8` tinyint(4) DEFAULT NULL,
  `aktivni` tinyint(4) DEFAULT 1,
  `hnizdo` int(11) DEFAULT NULL,
  `uzavreny` tinyint(4) DEFAULT NULL,
  `kapacita` int(11) NOT NULL DEFAULT 15,
  `rozsirujici` tinyint(4) DEFAULT 0
) ENGINE=InnoDB DEFAULT CHARSET=utf8 COLLATE=utf8_czech_ci;

--
-- Vypisuji data pro tabulku `seminare`
--

INSERT INTO `seminare` (`id`, `cislo`, `nazev`, `ucitel`, `hodin`, `anotace`, `pro5`, `pro6`, `pro7`, `pro8`, `aktivni`, `hnizdo`, `uzavreny`, `kapacita`, `rozsirujici`) VALUES
(1, 'CJ1', 'Starší česká literatura ve filmu a literární toulky', 'J. Linka, příp. M. Roháčková (podle úvazku)', 2, 'Pojďme se spolu toulat. Praha má tolik míst s literárními odkazy, některá z nich navštívíme a vstoupíme do světa jejich hrdinů (Vyšehrad, Malá Strana, Petřín, Bílkova vila, Nábřeží, Židovské město, ...).<br>Svět 19. století (nebo i starší) a první republiky poznáme také skrze filmová zpracování a jejich literární předlohy. Tato část práce v semináři je založena na srovnávání literárního a filmového díla. Tato díla se objeví ve školním seznamu literatury plánovaném k vaší maturitě.<br>Konkrétní program spolu sestavíme na prvním semináři.<br>Každý seminarista pro ostatní připraví jednu vycházku a zpracuje jedno literární dílo a poreferuje o něm, dále se účastní rozborů textů a diskusí nad díly ostatními.', 0, 0, 1, 0, 1, 2, 0, 18, 0),
(2, 'CJ2', 'Česká a světová literatura ve filmu', 'M. Roháčková', 2, 'Seminář je založen na srovnávání literárního a filmového díla, stěžejní část filmových zpracování pochází ze 60. let.<br>Částečná úprava seznamu děl podle přání zúčastněných probíhá na prvním semináři, zaměřili bychom se na literaturu vzniklou od 2. světové války, a to převážně českou. Také na filmová zpracování autorů z české nové vlny. Smyslem je pomoci hlouběji pochopit dílo v kontextu dobovém i uměleckém a dále práce s původním textem z literárního díla. Smyslem je také poznat širší spektrum literárních děl. Díla korespondují s nabídkou ve školním seznamu literatury k maturitě 2023/2024.<br>Každý seminarista pro ostatní zpracuje jedno literární dílo a poreferuje o něm, dále se účastní rozborů textů a diskusí nad díly ostatními.', 0, 0, 0, 1, 1, 7, 0, 18, 0),
(3, 'AJ1', 'Taboos and Issues', 'bude upřesněno', 2, 'Jste poněkud znuděni standardními konverzačními tématy z jazykových učebnic? Vyzkoušejte tedy seminář, kde bude řeč o tématech méně standardních či otřelých.<br>Očekává se zejména ochota mluvit, diskutovat - a odvaha mít názor/vyjádřit ho.<br>V semináři se bude mluvit, číst, trochu psát, možná i cvičit.<br>Seminář vychází z učebnice Taboos and Issues - viz název semináře - ale nemusíte si ji pořizovat. Pochopitelně můžete přijít i s tématem a materiálem vlastním.', 1, 0, 0, 0, 1, 2, 0, 28, 0),
(4, 'AJ2', 'Current Affairs', 'H. Šiprová', 2, 'Seminář bude zaměřen na současné dění ve světě. První semináře budou věnovány osvojování základů novinářské angličtiny. Následné semináře se budou věnovat četbě článků z různých druhů novin, témata budou rozebírána a srovnávána jak po jazykové stránce, tak po stránce významové. Budeme se soustředit na porozumění autentickým materiálům, nad kterými pak budeme diskutovat. Kromě článků v tištěné podobě budou využívány také audio a video reportáže. Díky semináři získáte širší pohled na současné světové dění, a zároveň se naučíte analyzovat novinové články, což využijete například u maturity z AJ.', 0, 1, 0, 0, 0, 4, 0, 15, 0),
(5, 'AJ3', 'CAE PREP COURSE 1-a (příprava od začátku od B2)', 'J. Váňa ', 2, 'Seminář je primárně zacílen připravit své studenty na složení zkoušky Cambridge English: Advanced - a to jak po stránce obsahové, tak po stránce formální. V rámci kurzu studenti mají jedinečnou příležitost si zopakovat či doosvojit gramatické struktury úrovně C1, na této úrovni si rovněž rozšířit různé aspekty slovní zásoby (idiomy, frázová slovesa, kolokace atd.) a rozšířit si na tuto úroveň své Language Skills - listening, reading, speaking a zvláštní pozornost bude věnována writing skills. Hodiny budou rovněž průběžně doplňovány jednotlivými částmi tzv. mock-testů (testy nanečisto - důvodem je, že kurz je plánován jako dvouletý, ovšem aby i po prvním roce student věděl, jak úrovňově \"na tom\" je, zda je na zkoušku připraven již po prvním roce kurzu) a dle potřeb studentů dalšími materiály pro důkladnější procvičení témat, která v rámci kurzu vyplynou jako problematická. Kurz je rovněž velmi dobrou volbou jako opakování gramatiky a slovní zásoby na úrovni C1, tedy částečně přesahující úroveň školní maturity, anebo pro ty studenty, kteří prostě chtějí o něco více, než co poskytují učebnice v běžných hodinách. učebnice: Bell, Jan - Gower, Roger: Advanced Expert Coursebook, Pearson 2014-2017. (pro tento školní rok plánovaný rozsah Module 1-5, možná více) pozn. Nejste-li si jisti, zda je Vaše jazyková úroveň pro kurz vhodná, zastavte se u mě na konzultaci, či nejlépe se zeptejte Vašeho angličtináře', 0, 0, 1, 0, 1, 1, 0, 12, 0),
(6, 'AJ4', 'CAE PREP COURSE 1-b (příprava od začátku od B2)', 'J. Váňa ', 2, 'Seminář je primárně zacílen připravit své studenty na složení zkoušky Cambridge English: Advanced - a to jak po stránce obsahové, tak po stránce formální. V rámci kurzu studenti mají jedinečnou příležitost si zopakovat či doosvojit gramatické struktury úrovně C1, na této úrovni si rovněž rozšířit různé aspekty slovní zásoby (idiomy, frázová slovesa, kolokace atd.) a rozšířit si na tuto úroveň své Language Skills - listening, reading, speaking a zvláštní pozornost bude věnována writing skills. Hodiny budou rovněž průběžně doplňovány jednotlivými částmi tzv. mock-testů (testy nanečisto - důvodem je, že kurz je plánován jako dvouletý, ovšem aby i po prvním roce student věděl, jak úrovňově \"na tom\" je, zda je na zkoušku připraven již po prvním roce kurzu) a dle potřeb studentů dalšími materiály pro důkladnější procvičení témat, která v rámci kurzu vyplynou jako problematická. Kurz je rovněž velmi dobrou volbou jako opakování gramatiky a slovní zásoby na úrovni C1, tedy částečně přesahující úroveň školní maturity, anebo pro ty studenty, kteří prostě chtějí o něco více, než co poskytují učebnice v běžných hodinách. učebnice: Bell, Jan - Gower, Roger: Advanced Expert Coursebook, Pearson 2014-2017. (pro tento školní rok plánovaný rozsah Module 1-5, možná více) pozn. Nejste-li si jisti, zda je Vaše jazyková úroveň pro kurz vhodná, zastavte se u mě na konzultaci, či nejlépe se zeptejte Vašeho angličtináře', 0, 0, 1, 0, 1, 2, 1, 13, 0),
(7, 'AJ5', 'CAE PREP COURCE 2-a (navazující, od úrovně C1-)', 'J. Váňa ', 2, 'V tomto případě se jedná o pokračování přípravného kurzu z minulého roku. Seminář je primárně zacílen rovněž připravit své studenty na složení zkoušky Cambridge English: Advanced - a to jak po stránce obsahové, tak po stránce formální. Kurz je primárně určen pro ty, kteří v minulé roce absolvovali CAE PREP COURSE 1, ovšem je taktéž vhodný i pro zájemce, kteří sice CAE PREP 1 neabsolvovali, ale jsou sami již na jazykové úrovni C1-. Zde bych doporučil se poradit buďto se mnou či se svým angličtinářem. <br>V rámci kurzu studenti mají jedinečnou příležitost si zopakovat či doosvojit gramatické struktury úrovně C1, na této úrovni si rovněž rozšířit různé aspekty slovní zásoby (idiomy, frázová slovesa, kolokace atd.) a rozšířit si na tuto úroveň své Language Skills - listening, reading, speaking a zvláštní pozornost bude věnována writing skills. Hodiny budou rovněž průběžně doplňovány jednotlivými částmi tzv. mock-testů (testy nanečisto - důvodem je, že kurz je plánován jako dvouletý, ovšem aby i po prvním roce student věděl, jak úrovňově \"na tom\" je, zda je na zkoušku připraven již po prvním roce kurzu) a dle potřeb studentů dalšími materiály pro důkladnější procvičení témat, která v rámci kurzu vyplynou jako problematická.<br>Kurz je rovněž velmi dobrou volbou jako opakování gramatiky a slovní zásoby na úrovni C1, tedy částečně přesahující úroveň školní maturity, anebo pro ty studenty, kteří prostě chtějí o něco více, než co poskytují učebnice v běžných hodinách. učebnice: Bell, Jan - Gower, Roger: Advanced Expert Coursebook, Pearson 2014-2017. (pro tento školní rok plánovaný rozsah Module 5-10)<br>Nejste-li si jisti, zda je Vaše jazyková úroveň pro kurz vhodná, zastavte se u mě na konzultaci, či nejlépe se zeptejte Vašeho angličtináře<br>', 0, 0, 0, 1, 1, 3, 0, 12, 0),
(8, 'AJ6', 'CAE PREP COURCE 2-b (navazující, od úrovně C1-)', 'J. Váňa ', 2, 'V tomto případě se jedná o pokračování přípravného kurzu z minulého roku. Seminář je primárně zacílen rovněž připravit své studenty na složení zkoušky Cambridge English: Advanced - a to jak po stránce obsahové, tak po stránce formální. Kurz je primárně určen pro ty, kteří v minulé roce absolvovali CAE PREP COURSE 1, ovšem je taktéž vhodný i pro zájemce, kteří sice CAE PREP 1 neabsolvovali, ale jsou sami již na jazykové úrovni C1-. Zde bych doporučil se poradit buďto se mnou či se svým angličtinářem. <br>V rámci kurzu studenti mají jedinečnou příležitost si zopakovat či doosvojit gramatické struktury úrovně C1, na této úrovni si rovněž rozšířit různé aspekty slovní zásoby (idiomy, frázová slovesa, kolokace atd.) a rozšířit si na tuto úroveň své Language Skills - listening, reading, speaking a zvláštní pozornost bude věnována writing skills. Hodiny budou rovněž průběžně doplňovány jednotlivými částmi tzv. mock-testů (testy nanečisto - důvodem je, že kurz je plánován jako dvouletý, ovšem aby i po prvním roce student věděl, jak úrovňově \"na tom\" je, zda je na zkoušku připraven již po prvním roce kurzu) a dle potřeb studentů dalšími materiály pro důkladnější procvičení témat, která v rámci kurzu vyplynou jako problematická.<br>Kurz je rovněž velmi dobrou volbou jako opakování gramatiky a slovní zásoby na úrovni C1, tedy částečně přesahující úroveň školní maturity, anebo pro ty studenty, kteří prostě chtějí o něco více, než co poskytují učebnice v běžných hodinách. učebnice: Bell, Jan - Gower, Roger: Advanced Expert Coursebook, Pearson 2014-2017. (pro tento školní rok plánovaný rozsah Module 5-10)<br>Nejste-li si jisti, zda je Vaše jazyková úroveň pro kurz vhodná, zastavte se u mě na konzultaci, či nejlépe se zeptejte Vašeho angličtináře<br>', 0, 0, 0, 1, 1, 4, 0, 12, 0),
(9, 'AJ7', 'Windows on the English speaking world', 'H. Šiprová', 2, 'Windows on the English speaking world je jediný seminář pro oktávu, kde o maturitě nepadne ani slovo, a přitom nebudete mít pocit, že nic neděláte. Seminář vás bude bavit, pokud byste se rádi dozvěděli něco víc z reálií anglicky mluvících zemí a chcete pracovat s autentickými materiály. Hlavními tématy jsou vybrané kapitoly z historie a umění anglicky mluvících zemí, kolonialismus a postkoloniální svět, a současné dění. Cílem je rozvíjet vědomostní i jazykové schopnosti, svým zaměřením je seminář vhodný zejména pro budoucí studenty a studentky humanitních směrů.', 0, 0, 0, 1, 0, 2, 0, 15, 0),
(10, 'AJ8', 'Israel - The Promised Land', 'M. Moravcová', 2, 'Seminář se může jako příprava hodit těm, kdo uvažují o tradiční výměně s jeruzalémskou IASOU, ale je určen každému, koho zajímá - z různých důvodů - tato krásná, zajímavá, komplikovaná a nám přátelsky nakloněná země, s níž máme dlouhodobě nadstandardní vztahy. Budeme se zabývat současnou izraelskou literaturou a filmem, dozvíme se něco o historii, starší i modernější, o politickém vývoji, připomeneme si náboženské svátky, řeč bude o aktuálním dění. Neopomineme různé česko-izraelské můstky. V plánu je spolupráce s Židovským muzeem a Katedrou hebraistiky. Třeba zvládneme i úvod do jazyka...<br>Mostly in English :-)', 0, 0, 1, 1, 0, 7, 0, 15, 1),
(11, 'AJ9', 'Irský seminář', 'M. Moravcová, K. Matulová', 2, 'Nesrozumitelný jazyk? Občanská válka? Špatné počasí? Divné sporty?<br>Zajímá vás to? Pak je tu pro vás seminář, který vás seznámí se Zeleným ostrovem, jeho historií, uměním a kulturou - v učebně teoreticky a na výjezdu prakticky.', 0, 0, 1, 1, 0, 6, 0, 24, 1),
(12, 'NJ1', 'Gramatické a lexikální repetitorium - Nj', 'J. Ginzelová', 2, '„Ich will grammatisch möglichst korrektes Deutsch schreiben und sprechen!“<br>Pár let němčiny za námi, dalších několik před námi a hlavně letos v kvintě první \"dé-es-déčko\"... Slov i pravidel jste slyšeli už více než dost, ale nepozapomněli jste něco, umíte vše použít, je jasné, kdy a co kam patří? Na semináři vše zopakujeme, popř. doplníme a hlavně se budeme snažit pravidla aktivně používat v praxi „beim Sprechen, natürlich“:-).', 1, 0, 0, 0, 1, 2, 0, 15, 0),
(13, 'NJ2', 'Německý diplomní seminář (7.A)', 'bude upřesněno', 2, 'Náplní semináře je systematická příprava ke zkoušce DSD II. Specifika slohové práce - požadovaná struktura, analýza grafu, příprava PPP, výběr vhodného tématu ke zkoušce. Seminář bude zařazen běžně v rozvrhu. Kdo si ho nezvolí, může ho mít jako nepovinný.', 0, 0, 1, 0, 1, 10, 0, 20, 0),
(14, 'NJ3', 'Německý diplomní seminář (7.B)', 'bude upřesněno', 2, 'Náplní semináře je systematická příprava ke zkoušce DSD II. Specifika slohové práce - požadovaná struktura, analýza grafu, příprava PPP, výběr vhodného tématu ke zkoušce. Seminář bude zařazen běžně v rozvrhu. Kdo si ho nezvolí, může ho mít jako nepovinný.', 0, 0, 1, 0, 1, 10, 0, 20, 0),
(15, 'NJ4', 'Německý diplomní seminář (8.A, AJ1)', 'bude upřesněno', 2, 'Náplní semináře je systematická příprava ke zkoušce DSD II. Specifika slohové práce - požadovaná struktura, analýza grafu, příprava PPP, výběr vhodného tématu ke zkoušce. Seminář bude zařazen běžně v rozvrhu. Kdo si ho nezvolí, může ho mít jako nepovinný.', 0, 0, 0, 1, 1, 10, 0, 20, 0),
(16, 'NJ5', 'Německý diplomní seminář (8.A, AJ2)', 'bude upřesněno', 2, 'Náplní semináře je systematická příprava ke zkoušce DSD II. Specifika slohové práce - požadovaná struktura, analýza grafu, příprava PPP, výběr vhodného tématu ke zkoušce. Seminář bude zařazen běžně v rozvrhu. Kdo si ho nezvolí, může ho mít jako nepovinný.', 0, 0, 0, 1, 1, 10, 0, 20, 0),
(17, 'NJ6', 'Německý diplomní seminář (8.B)', 'bude upřesněno', 2, 'Náplní semináře je systematická příprava ke zkoušce DSD II. Specifika slohové práce - požadovaná struktura, analýza grafu, příprava PPP, výběr vhodného tématu ke zkoušce. Seminář bude zařazen běžně v rozvrhu. Kdo si ho nezvolí, může ho mít jako nepovinný.', 0, 0, 0, 1, 1, 10, 0, 20, 0),
(18, 'FJ1', 'Příprava na DELF B1', 'S. Šmelhausová', 2, 'Příprava na zkoušku DELF úroveň B1 junior.<br>Rozšiřování slovní zásoby s poslechy, čtení textů.<br>Prohlubování gramatiky díky písemným projevům s korekcí.<br>Trénování mluveného projevu představování se, hraní různých situací.', 1, 1, 0, 0, 0, 4, 0, 15, 0),
(19, 'FJ2', 'Príprava na DELF B2', 'S. Šmelhausová', 2, 'Příprava na zkoušku DELF úroveň B2 scolaire. <br>Rozšiřování slovní zásoby s autentickými poslechy (francouzské rádio nebo video), čtení textů.<br>Prohlubování gramatiky, písemný projev s korekcí.<br>Trénování mluveného projevu s debaty nad tématy zkoušek.', 0, 0, 1, 1, 0, 3, 0, 15, 0),
(20, 'FJ3', 'Francouzská kultura a reálie', 'S. Šmelhausová', 2, 'Okénko do francouzské kinematografie, literatury, umění a reálií.', 0, 0, 1, 1, 0, 6, 0, 15, 1),
(21, 'SJ1', 'Příprava na zkouška DELE escolar A2-B1', 'D. Marchionni', 2, 'Systematický přehled veškeré použité gramatiky. Procvičování, vzorové testy. Prezentace témat nezbytných pro zkoušku DELE escolar A2-B1.', 1, 0, 0, 0, 0, 2, 0, 15, 0),
(22, 'SJ2', 'Konverzace ŠJ', 'P. Lukešová', 2, 'Seminář pro ty, kterým by se v sextě stýskalo po konverzaci ze ŠJ. Výuka podle aktuálních témat Aventura 3 a maturitních témat.', 0, 1, 0, 0, 0, 4, 0, 20, 0),
(23, 'SJ3', 'Příprava na zkouška DELE escolar B2', 'D. Marchionni', 2, 'Systematický přehled veškeré použité gramatiky. Procvičování, vzorové testy. Prezentace témat nezbytných pro zkoušku DELE escolar B2.', 0, 0, 1, 0, 0, 1, 0, 15, 0),
(24, 'SJ4', 'Španělština - příprava na maturitní zkoušky', 'D. Marchionni', 2, 'Reálie španělsky mluvících zemí, 20 maturitních témat, vzorové testy.', 0, 0, 0, 1, 0, 3, 0, 15, 0),
(25, 'LJ1', 'Latinský seminář pro septimy', 'P. Koronthály', 2, 'Seminář nabídne rozšíření a prohloubení znalostí latinského jazyka a kultury. Jeho obsahem bude nejen pokročilejší gramatika a čtení latinských textů (ať už antických, středověkých či křesťanských), ale i reálie nad rámec základního kurzu. Nabídne tak témata z jazyka, literatury, kultury a dějin antiky a latinského středověku, která se v příbuzných předmětech objevují jen okrajově (patristická literatura, dějiny pozdního císařství, pozdní antika, středověká latinská vzdělanost a středověká latina, novověká církevní latina aj.). Témata bude možné přizpůsobit aktuální poptávce přihlášených studentů.<br>Seminář je určen všem septimánům se zájmem o humanitní vzdělání, doporučen je pak pro ty, kdo uvažují o maturitě z latiny.', 0, 0, 1, 0, 0, 1, 0, 20, 0),
(26, 'LJ2', 'Maturitní latinský seminář', 'P. Koronthály', 2, 'Seminář je zaměřen na přípravu studentů k maturitě ve třech rovinách: práce s originálními latinskými texty, dokončení a systematizace latinské gramatiky, prohloubení znalostí latinské kultury a reálií. Zároveň budou zařazena i některá témata, která nebyla realizována v základním kurzu.<br>Seminář je primárně určen budoucím maturantům, ale je přístupný komukoliv, kdo má zájem o humanitní vzdělání a chtěl by ještě jeden rok prožít ve světě latiny.', 0, 0, 0, 1, 1, 7, 0, 20, 0),
(27, 'M1', 'Matematický seminář pro kvinty', 'P. Kryl', 2, 'Seminář je vhodný především pro studenty, kteří se chtějí v budoucnu věnovat studiu matematiky, informatiky nebo i dalších technických oborů. Můžete se těšit na:<br>1. Pokročilá přímá a nepřímá úměra: o více jak dvou proměnných, linearita a nelinearita úměry, příklady z fyziky, objevování vzorců<br>2. Výroková logika a důkazy, které slouží jako nástroj pro výstavbu vysokoškolské matematiky (axiomů, definic, vět a jejich důkazů).<br>3. Množiny a zobrazení, u kterých si vysvětlíme rozdíly mezi spočetnými a nespočetnými množinami a tzv. mohutnost množiny.<br>4. Teorie čísel, kde se například seznámíme s binární nebo šestnáctkovou poziční soustavou.<br>5. Rovnice a jejich soustavy, které se naučíme řešit pomocí tzv. matic.<br>', 1, 0, 0, 0, 1, 2, 0, 20, 0),
(28, 'M2', 'Matematický seminář pro sexty', 'Z. Vavřín', 2, 'Absolvování tohoto semináře je mj. velmi vhodné pro studenty, kteří plánují profilovou maturitu z M a další studium na VŠ technických směrů. V semináři probereme tato témata: Algebraické struktury - grupa, okruh, obor integrity, těleso. Determinanty a jejich užití v soustavách lineárních rovnic i jejich geometrické aplikace. Komplexní čísla v algebraickém i goniometrickém tvaru. Úvod do diferenciálního počtu, limity posloupností a funkcí. ', 0, 1, 0, 0, 1, 4, 0, 21, 0),
(29, 'M3', 'Matematický seminář pro septimy', 'L. Bernard', 2, 'Pojďte poznat matematiku jako nástroj ke zkoumání světa kolem nás. Těžištěm předmětu bude studium diferenciálního a integrálního počtu funkce jedné reálné proměnné. Jedná se o pojmy derivace, průběh funkce, užití derivace v geometrii a především ve fyzice. Dále neurčitý a určitý integrál, geometrický smysl, geometrické úlohy. Fyzikální smysl integrálu, aplikace. Nastíníme rozšíření pojmu derivace a integrálu i na funkce více proměnných. Seznámíme se s jednoduchými diferenciálními rovnicemi a jejich užitím. V poslední části semináře podnikneme výlet do diskrétní matematiky a teorie grafů. Seminář může posloužit jako velmi dobrá příprava pro vysoké školy technického směru. Látka nemá přímou návaznost na učivo sextánského semináře a je proto přístupná i těm, kteří dosud matematický seminář nenavštěvovali.', 0, 0, 1, 0, 1, 3, 0, 21, 0),
(30, 'M4A', 'Matematický seminář ke státní maturitě pro 8.A', 'Z. Lauschmann', 2, 'Příklady v didaktických testech z matematiky nebývají těžké, ale vyžadují opravdu dobré pochopení dané látky. Při počtu cca 25 úloh z rozmanitých témat jde i o čas, navíc k rychlé orientaci v zadání je třeba mít spolehlivý nadhled a zejména zkušenost. Příprava na tuto zkoušku tedy musí zahrnout jednak velké množství příkladů, jednak upozorňování na souvislosti mezi různými tematickými celky; pozornost je však třeba věnovat i strategii a formální stránce zápisu řešení. A právě toto všechno si klade za cíl tento seminář. ', 0, 0, 0, 1, 1, 8, 0, 25, 0),
(31, 'M5', 'Matematický seminář k profilové maturitě', 'Z. Vavřín', 2, 'Smyslem semináře je mírně rozšířit a zdokonalit znalosti matematiky zejména pro studenty, kteří plánují studium technických směrů či dokonce Matfyz... Seznam témat je volen s ohledem na požadavky profilové maturity z matematiky. Absolvování semináře (a ideálně i příprava k profilové maturitě z M) by měly napomoci studentům ke zvládnutí náporu matematiky na těchto VŠ.<br>Témata: výroky, množiny, dělitelnost, čísla, výrazy, rovnice a nerovnice, soustavy rovnic a nerovnic, funkce, kombinatorika, pravděpodobnost, planimetrie, trigonometrie, stereometrie, vektory, analytická geometrie, komplexní čísla, posloupnosti a řady, limita a spojitost, derivace funkce, neurčitý a určitý integrál.', 0, 0, 0, 1, 1, 3, 0, 20, 0),
(32, 'DG', 'Deskriptivní geometrie I+II', 'K. Steinerová', 2, 'Seminář je jedno- či dvouletý. Je vhodný pro studenty, kteří uvažují o studiu na fakultách technického směru (fakulta architektury, stavební, strojní) a uměleckých s výtvarným zaměřením. Dále je vhodný pro všechny, kdo chtějí rozvíjet svou prostorovou představivost.<br>V prvním roce se seznámíme se dvěma metodami zobrazování prostorových útvarů (kótované a Mongeovo promítání). Dále se budeme zabývat řezy těles. V druhém roce nás čekají oblá tělesa, jejich řezy a průniky. Seznámíme se s dalšími metodami promítání (pravoúhlá axonometrie a kosoúhlé promítání).<br>Z důvodu absence tohoto předmětu na většině středních škol je právě neznalost základů deskriptivní geometrie jedním z hlavních problémů při studiu v prvním ročníku na technických vysokých školách. Deskriptivní geometrie se objevuje i při přijímacích zkouškách na některé z výše uvedených škol. Protože se např. na architekturu konají přijímací zkoušky už v lednu, je vhodné začít seminář navštěvovat již v septimě. <br>Při výuce je kladen důraz na samostatnou práci pod vedením učitele. Snahou je co nejvíce modelovat zadané situace a zobrazit je pak na papíru - tedy aktivně vymýšlet, nikoliv pasivně přebírat ukázané postupy.<br>Součástí hodnocení je kromě pravidelných testů i jeden rys.', 0, 0, 1, 1, 1, 6, 0, 13, 1),
(33, 'IT1', 'Seminář nejen z programování', 'P. Kryl', 2, 'Seminář je určen pro studenty se zájmem o programování a počítače obecně. V první části se ponoříme do Linuxové příkazové řádky. Dále si povíme něco o základech a aktuálních trendech v hardwaru. Velká část bude věnována kapitole Python na serveru. Povíme si o RESTu a GraphQL. A hlavně si probereme konkrétní doporučení jak psát váš kód, aby byl krásný. Zkusíme si asynchronní programování. A až tuto část dokončíme budeme se bavit o tom, jak se dnes aplikace reálně nasazují a udržují firmy - ano bude to o Dockeru.', 0, 0, 1, 1, 1, 1, 0, 20, 0),
(34, 'IT2', 'Seminář IVT', 'V. Nulíček', 2, 'Seminář je určen zejména pro studenty oktáv, kteří chtějí maturovat z předmětu Informatika a výpočetní technika, a pro studenty, kteří studovat vysokou školu se zaměřením na informatiku. Dále pro ty studenty, kteří si chtějí v daném oboru rozšířit své znalosti a praktické dovednosti.<br>Jednotlivé hodiny semináře jsou zaměřeny na opakování a rozšíření látky z jednotlivých oborů informatiky podle jednotlivých maturitních okruhů. Studenti si zopakují jak teoretické znalosti, které se naučili během jednotlivých ročníků výuky IVT na naší škole, tak budou zpracovávat i některé praktické příklady v těch aplikacích, kde je to od nich požadováno při maturitní zkoušce. V rámci časových možností si studenti rozšíří své vědomosti i nad rámec osnov jednotlivých ročníků, aby byli dobře připraveni i pro studium VŠ daného oboru.', 0, 0, 0, 1, 0, 6, 0, 20, 0),
(35, 'D1', '1000 ČI 1500 LET STŘEDOVĚKU? (seminář středověku)', 'O. Faktor', 2, 'Seminář je určen nejen fanouškům starších dějin, nýbrž všem dalším, kteří se chtějí přesvědčit, že středověk nebyl „temný“, ale naopak velmi barevný, působivý na všechny smysly a hlavně dobrodružný. <br>Chceme-li se o něm něco, ujasněme si, o jaké období se vlastně jedná: závěr antiky a počátek středověku je obecně datován tzv. „pádem Západořímské říše“ (476 n. l.). A konec středověku a nástup novověku je pak v euroamerickém světě obvykle kladen o 1000 let později ve vztahu k několika mezním událostem v 15. století. Takové vymezení odpovídá staršímu pojetí sledu epoch po časové ose, jakož i „škatulkování“ např. na chronologicky či prostorově řazené umělecké slohy. <br>Avšak z pohledu společenských změn a třeba též dějin vizuálního umění se středověk zrodil již s úsvitem křesťanského umění ve 2. století n. l. A zároveň jeho konec můžeme na některých místech sledovat přinejmenším do poloviny 16. století. V tom případě by středověk zaujímal bezmála půldruhého tisíciletí. Pojďme toto dlouhé období prozkoumat všemi smysly a různými pohledy, ať už formou prezentací, exkurzí, diskuzí a aktivním zapojením studentů (seminární práce, práce s prameny atd.). ', 0, 1, 0, 0, 1, 4, 0, 22, 0),
(36, 'D2', 'Seminář moderních dějin', 'O. Faktor', 2, 'Pod pojmem moderní dějiny se obvykle míní doba od velké francouzské revoluce po bezprostředně nedávnou minulost. V semináři se zaměříme na historické mezníky i polozapomenuté události a osobnosti, jakož i módu, militaria, výtvarné umění apod. především pak v časovém úseku zhruba od roku 1850 po počátek 21. století. Samozřejmě prozkoumáme 2. polovinu 20. století v západním i východním bloku - nejen z politicko-historického, ale též každodenního aspektu: pohledem běžných lidí i význačných osobností, mládeže, hnutí, událostí a změn v oblasti kultury (hudba, pop-kultura, beatnici, francouzská a československá filmová nová vlna; sexuální svoboda, hippies atd.). <br>V rámci semináře proběhnou exkurze a diskuze s pamětníky či odborníky. Studenti využijí možnost aktivního zapojení se formou analýzy či reflexe (dobového textu, fotografie, uměleckého díla, filmu apod.) či projektu a referátu (prezentace), zejména pak ve vztahu k vybraným tématům seminárních prací.', 0, 0, 1, 0, 1, 3, 0, 22, 0),
(37, 'D3', 'Maturitní seminář z dějepisu', 'J. Váňa ', 2, 'Maturitní seminář je určen pro všechny studenty oktáv, kteří se rozhodli maturovat z dějepisu, popřípadě i pro ty, kteří sice maturovat nechtějí, ale potřebují si učivo základních kurzů dějin systematizovat a utřídit. <br>Maturitní seminář si primárně klade dva cíle:<br>1) příprava a zpracování maturitní práce z dějepisu, kdy studenti jsou postupně a systematicky vedeni k osvojení formy a zpracování obsahu maturitní práce - studenti se naučí vybrat a zpracovat literaturu, správně citovat a též zkomponovat odborný text historického zaměření, příprava a zpracování práce jsou rozděleny do několika na sebe navazujících postupných kroků, součástí seminářů je též simulace obhajoby maturitní práce<br>2) zopakování a systematizace učiva základních kurzů českých a světových dějin, studenti formou presentací opakují jednotlivá téma a postupně si tak zpracovávají maturitní témata k samotné maturitě, formou pracovních listů k jednotlivým tématům si studenti upevňují kompetence nutné k úspěšnému zvládnutí zkoušky (analýza, syntéza a interpretace historického materiálů, např. obrázky, texty, pojmy atd.), součástí jednotlivých seminářů je též simulace maturitní zkoušky', 0, 0, 0, 1, 1, 5, 0, 20, 0),
(38, 'D4', 'Dějiny (ve) filmu', 'J. Ginzelová', 2, 'Fenomén \"pohyblivých obrázků\" neodmyslitelně patří k moderní i postmoderní rozuměj dnešní době. Filmové plátno již nebo teprve - rozhodněte sami - přes 100 let zachycuje nejen romance, román(k)y, rodinné ságy... radostné, komické, vysněné jako i tragické obrazy (ze) života..., zároveň však také dokumentuje dějiny jak autenticky jakožto primární historický pramen, tak umělecky prostřednictvím hraných filmů, ovšem i tehdy s notnou či alespoň nějakou dávkou historické informace. Kritici a milovníci přesné a detailní faktografie řeknou: film jako nástroj historického poznání? Nepřichází v úvahu! Jejich oponenti však namítnou: Nezanechává už jen doba vzniku svou historickou stopu a informaci v rukopisu filmového snímku — co se smělo, chtělo, umělo, existovalo... v dané době? Pojďme se společně něco dozvědět o filmu jako takovém a pak se (na)učit vidět a (do)hled(áv)at historii ve filmech aneb jak příjemné spojit s užitečným, v našem případě s poznáváním dějin.<br><i>„Před mnoha lety se říkalo „to je jako ve filmu“ (jako že je to neuvěřitelné), pak přišlo „ten to ale nafilmoval“ (jako že někdo někoho oblafnul) a teď přichází třetí fáze, kdy se chce, aby divák věřil tomu, co se z plátna říká.“ — Miloš Forman český herec, režisér a scenárista</i>', 0, 0, 1, 1, 1, 6, 0, 15, 1),
(39, 'D5', 'VĚCI KOLEM NÁS JAKO PRAMEN K POZNÁNÍ MINULOSTI (kulturně-umělecko-historický seminář) ', 'O. Faktor', 2, 'Kultura je vše, čím se člověk od pradávna projevuje, vyjadřuje a komunikuje Promítneme-li si dějiny člověka od pravěku po současnost, uvědomíme si, že po celá tisíciletí člověk za sebou zanechává nějakou kulturní stopu. Kulturně-historicky zaměřený seminář má v hledáčku běžné i vznešené „věci kolem nás“, tedy vybrané projevy lidské kultury jako takové, ať už si pod tím představíme projevy každodennosti, změny ve společnosti; média; militaria, módu, hudbu, fotografie, filmy, výtvarné umění…, a to napříč několika staletími až k nedávné minulosti. Blíže se dotkneme kulturního dědictví, jež je nedílnou součástí naší paměti a identity, je zásadním pramenem poznávání naší minulosti a kultivuje naše duše. Zhodnotíme jeho význam pro současnost i budoucnost a podíváme se na možnosti jakož i úskalí jeho ochrany. Pozornost bude věnována rolím a funkcím vizuálního umění v průběhu věků, přičemž se nevyhneme měnícímu se vkusu, rozdílným pohledům a názorům či působení konkrétních děl na naše emoce. Budeme si klást otázky a hledat na ně odpovědi - např. jak lze rozpoznat propagandu od faktu nebo kýč od kvalitního díla, jak bylo s uměním a historií manipulováno a jak toho bylo zneužíváno z nejrůznějších důvodů náboženských, ideologických či obchodních (reklamních). K prohloubení poznání budeme využívat obrazový materiál, filmy, texty a vyrazíme též na exkurze. Vedle toho seminář bude probíhat formou diskuzí s odborníky a formou aktivního zapojení každého seminaristy (projektů a referáty/prezentace studentů). Studenti se rovněž věnují seminární práci na zvolené téma.', 0, 0, 1, 1, 0, 6, 0, 22, 1),
(40, 'ZS1', 'Kvintesence práva', 'T. Pešek', 2, 'Přijde vám právo složité a chete do tohoto záhadného, ale praktického světa proniknout? Pak jste na správné adrese! Společně projdeme trestní, občanské a ústavní právo. Vysvětlíme si, jaké existují právní profese, že právo nejsou jen paragrafy, že právníci a právničky se neučí zákony nazpaměť (většinou) a že jsou dost podobní rytířům Jedi. Vyzkoušíme si několik simulovaných soudních jendnání a na vlastní kůži poznáte, jaké to je, být na místě soudce/soudkyně, obhajoby či obžaloby. Ne všechno ale bude jen hra - k odpovědnému právnímu myšlení se budeme muset společně probojovat. Uvítám tedy všechny ty, kteří mají o právo skutečný zájem. ', 1, 0, 0, 0, 1, 2, 0, 16, 0),
(41, 'ZS2', 'Svět v pohybu', 'T. Pešek', 2, 'Budeme diskutovat nad aktuálními společenskými problémy a konflikty u nás a ve světě (války, extremismus, korupce, chudoba, porušování lidských práv, migrace, sociální nerovnost aj.) Pokusíme se rozkrýt důvody a důsledky těchto problémů a společně skrze dialog, hru či filmové dokumenty nacházet jejich potenciální řešení. A mnoho dalšího...', 0, 1, 0, 0, 1, 4, 0, 22, 0),
(42, 'ZS3', 'Cesta do hlubin študákovy duše', 'T. Pešek', 2, 'Rádi byste se dozvěděli více o psychických onemocněních? Podrobně se na to společně podíváme! Obrací se na vás kamarádi a kamarádky s nejrůznějšími potížemi a vy nevíte, co říct? Naučíme se principy pomáhajícího rozhovoru! Jak poznat manipulaci a jak na ní reagovat? Vyzkoušíme si to! Chcete nakouknout pod pokličku psychologických testů? Nakoukneme! Chcete při vyučování relaxovat? Tak budeme! Chcete si zlepšit komunikační a prezentační dovednosti? Zapracujeme na tom! Prokrastinujete? Zkusme najít způsoby, jak to nedělat! A co pocvičit umění učit se? A to není zdaleka vše! <br>Seminář bude místy dost interaktivní, takže uvítám ty z vás, kteří se nebojí mluvit, nestydí se před ostatními a mají otevřenou mysl! ', 0, 0, 1, 0, 1, 5, 0, 15, 0),
(43, 'ZS4', 'Seminář ZSV pro oktávy k profilové maturitní zkoušce', 'T. Pešek', 2, 'Máte v úmyslu studovat práva, sociologii, ekonomii, politologii, mezinárodní vztahy či psychologii? Pomohla by vám u přijímacích zkoušek dobrá známka z maturitní zkoušky ze ZSV? Chcete se na složení maturitní zkoušky důkladně připravit? Pak je to seminář pro vás! Projdeme společně všechny společenskovědní discplíny podle maturitních otázek a některé vědomosti z hodin ZSV si rozšíříme. Budeme číst a analyzovat texty, debatovat, vysvětlíme si, jak se co nejlépe připravit na maturitní zkoušku, vyzkoušíme si jí několikrát na nečisto a budeme se také radit, jak napsat maturitní práci ze ZSV. ', 0, 0, 0, 1, 1, 1, 0, 25, 0),
(44, 'ZS5', 'Ekonomie a finanční gramotnost (EFG)', 'J. Hajíček', 2, 'Pojďme spolu nahlédnout do fascinujícího světa peněz, podnikání a hospodářství. Budeme se učit vypočítat daně, vyplnit daňové přiznání, zkoumat souvislosti ekonomiky a politiky a mnoho dalšího. Ekonomie je na gymnáziích tradičně velmi opomíjenou disciplínou, proto tento seminář bude usilovat o změnu tohoto stavu.', 0, 0, 1, 1, 1, 6, 0, 30, 1),
(45, 'ZNK', 'Základy znakového jazyka', 'Z. Kurcová', 2, 'Chcete ke svému jazykovému vzdělání přidat další úroveň? Máte možnost zúčastnit se výuky českého znakového jazyka se zkušeným lektorem. Vyžadován je zájem a aktivní účast, žádné předchozí znalosti nejsou nutné. Seminář je plánován jako jednoletý pro začátečníky, absolventi loňského semináře mohou požádat vyučující o doporučení navazujícího kurzu.', 0, 0, 1, 1, 0, 6, 0, 20, 1),
(46, 'ZF', 'Moderní filosofie', 'D. Vejvodová, V. Hrouda', 2, 'Ve filosofickém semináři se zaměříme na témata především moderní filosofie. Bude založen na domácí četbě filosofických textů. Výuka je vedena formou krátkých výkladů a následné společné diskuse nad texty. Časté jsou také návštěvy externích přednášejících.<br>Účast maturantů ze Základů filosofie se předpokládá. <br>Příklady možných témat (osnova vzniká na prvních dvou hodinách dohodou):<br>• Děje se nám v životě právě to, co si zasluhujeme? <br>• Obstojí náboženství v moderním světě? Jaká má být role křesťanství? <br>• Mohu manipulovat druhé, když vím lépe než oni, co je pro ně dobré? <br>• Jsou muži a ženy ve filmu zobrazováni férově? <br>• Co je to pravda a žijeme v době, v níž již není podstatná? <br>• Je člověk tělem nebo má tělo? A co duše v době skenování mozku? <br>• Jakým způsobem se můžeme inspirovat antickými filosofy při našem úsilí o štěstí?', 0, 0, 1, 1, 1, 4, 0, 18, 0),
(47, 'PR1', 'Přírodovědný seminář pro kvinty a sexty', 'I. Chlebounová, J. Cvachová', 2, 'Proč se kulička skutálí z kopce rychleji než váleček? Jakou rychlostí létají broky ze vzduchovky? Proleze vejce hrdlem láhve? Kde se dá ulovit živý nezmar? Baví vás chemie, biologie, fyzika? Chcete experimentovat, chodit do terénu a přicházet věcem na kloub? Zkusíte navrhnout svůj vlastní přírodovědný projekt? V semináři si užijete pokusy a prohloubíme také látku z běžných hodin. Bude to stát za to.<br>Cílem předmětu je rozšířit vědomosti žáků o synteticko-analytický přístup a využívat osvojené pojmy z jednotlivých přírodovědných předmětů v praktických úkolech, které jsou zaměřeny na pozorování jevů v terénu, práci s měřicími systémy Vernier a měřicími pomůckami programu Globe. Předmět výrazně rozvíjí schopnost pozorování, kreativity, kritického myšlení, logického uvažování a ukazuje principy, o které se opírá vědecké myšlení a tvorba výzkumného projektu. Nabízí environmentálně laděný pohled na okolí školy v kontextu s dalšími porovnávanými lokalitami. Organizačně se opírá o skupinovou práci a její specifika (rozdělení rolí, spolupráce, prezentace výsledků před ostatními, argumentace vlastního názoru, diskuze nad komplexními environmentálními problémy, vyslechnutí názoru ostatních).', 1, 1, 0, 0, 1, 2, 1, 16, 0),
(48, 'PR2', 'Přírodovědný seminář pro sexty', 'I. Chlebounová, J. Cvachová', 2, 'Fascinují vás přírodní vědy a chybí vám jejich větší propojení s běžným životem? Zajímají vás ekologické problémy? Budeme jezdit na naftu, vodík nebo elektřinu? Chcete si vyzkoušet rolové hry při jejich řešení? Láká vás měření v terénu nebo v laboratoři, vyhodnocení dat a návrh vlastního badatelského projektu zakončeného žákovskou konferencí? Chtěli byste navštívit výzkumné pracoviště? Nebo zažít program Globe? Pak je tento seminář právě pro vás.<br>Seminář je určený studentům se zájmem o přírodní vědy a technické obory. Osnovy jednotlivých předmětů doplňuje o prvky badatelsky orientované výuky, projektové výuky a kritického myšlení. Cílem předmětu je využívat osvojené učivo v praktických úkolech, které jsou zaměřeny na pozorování jevů v terénu, práci s měřicími systémy Vernier a měřicími pomůckami programu Globe. Nabízí environmentálně laděný pohled na okolí školy v kontextu s dalšími porovnávanými lokalitami. Organizačně se opírá především o skupinovou práci.', 0, 1, 0, 0, 0, 6, 0, 16, 0),
(49, 'FY1', 'Seminář z fyziky - septima', 'Jiří Rezek', 2, 'Architektura světa je geniální a my to pochopíme!<br>Zákony a vzorce se neučím nazpaměť, ale chápu logiku, vztahy, souvislosti.<br> Cílem semináře je doplnění učiva z poznatků astrofyziky (vznik vesmíru, temná hmota, antihmota, …), fyzika mikrosvěta (kvantovou, atomovou, jadernou, f.mikročástic) a o speciální teorii relativity.<br>Poznatky získané v semináři jsou nezbytné pro další studium oborů (přírodovědných, technických medicinských, ...), jejichž součástí je i fyzika. Dále je zaměřen na rozvoj znalostí pro přijímací zkoušky na matfyz, technické a medicínské obory VŠ.', 0, 0, 1, 0, 1, 5, 0, 20, 0),
(50, 'FY2', 'Seminář z fyziky - oktáva', 'Jiří Rezek', 2, 'Seminář je zaměřený na propojování a prohloubení fyzikálních a matematických poznatků a schopnost jejich aplikace v neobvyklých úlohách. Náplní jsou všechny disciplíny fyziky gymnaziálního učiva. Je určený žákům, kteří si zvolili maturitu z fyziky nebo chtějí svoje poznatky z fyziky rozšířit a shrnout pro následné vysokoškolské studium.', 0, 0, 0, 1, 1, 4, 0, 20, 0),
(51, 'CH1', 'Chemické repetitorium', 'I. Chlebounová', 2, 'Doplnění mezer ve středoškolském vzdělání. Možnost vyzkoušet některé laboratorní pokusy, práci s měřicími přístroji Vernier a Pasco, navštívit odborné ústavy a chemicky zajímavé provozy. Využití mezipředmětových vztahů a environmentální výchovy. Prostor pro hlubší ponoření do vybraných témat a vlastní badatelskou práci.', 0, 0, 1, 0, 0, 5, 0, 24, 0),
(52, 'CH2', 'Maturitní seminář z chemie', 'I. Chlebounová', 2, 'Cílem semináře je utřídění chemických informací z různých ročníků, systematická příprava na maturitní zkoušku z chemie, rozšíření základního učiva o zajímavosti a novinky z oboru a opakování klíčových pojmů z jednotlivých témat, také propočítání příkladů a procvičení chemického názvosloví. Projdeme absolvované laboratorní práce, zaměříme se na významné chemické reakce.', 0, 0, 0, 1, 1, 1, 0, 28, 0),
(53, 'BI1b', 'Biologický seminář pro oktávy', 'R. M. Dvořáková', 2, 'Seminář je určen pro zájemce o studium přírodovědných oborů a budoucím maturantům z biologie. Bude se věnovat rozšiřování a upevňování biologických znalostí a dovedností především z botaniky a zoologie, přičemž hlavní důraz bude kladen na syntézu těchto oborů optikou ekologie, evoluční biologie a dějin přírodních věd. Seminář je určen pro oktavány.', 0, 0, 0, 1, 1, 2, 0, 20, 0),
(54, 'BI2', 'Ecce homo (somatologie člověka)', 'J. Mrzílková', 2, 'Seminář z biologie zaměřený na anatomii a fyziologii člověka, s náhledem do patologie a patofyziologie. Vhodný především jako příprava ke zkouškám na lékařské obory, pro vážné a motivované zájemce. Seminář bude probíhat ve středu odpoledne, většinou v Ústavu anatomie 3. lékařské fakulty.', 0, 0, 0, 1, 1, 9, 0, 21, 0),
(55, 'ZE', 'Zeměpisný seminář', 'J. Chloupková', 2, 'Zeměpisný maturitní seminář se bude věnovat rozšiřování a upevňování zeměpisných znalostí a dovedností se zaměřením na maturitní okruhy. Součástí semináře bude účast na všech zeměpisných soutěžích, seminární práce na určené téma a prezentace dvou maturitních okruhů, každou hodinu zeměpisné aktuality a písemné opakování učiva z předešlé hodiny.', 0, 0, 0, 1, 0, 7, 0, 15, 0),
(56, 'HV1', 'Filmová hudba a nové technologie v hudbě', 'M. Christou', 2, 'Seminář nabízí systematický přehled dějin a teorie filmové hudby a také nových technologií v hudbě. Nedílnou součástí semináře budou i besedy se zajímavými osobnostmi české<br>hudební scény. Studenti se v prvním pololetí seznámí se zajímavým světem filmové hudby. V druhém pololetí se zaměříme na uplatnění nové technologie v hudbě. Seznámíme se<br>s novými hudebními proudy, jako je elektroakustická hudba, generativní hudba, Soundscape composition, spektrální hudba apod., a také se budeme věnovat uplatnění technologie<br>v hudbě, jako jsou pomůcky nebo potřebné vybavení dnešního hudebníka, tzn. různé počítačové programy na psaní not (tzv. notografické programy, např. Sibelius a Finale), na<br>střihání zvuku (Cubase Music) atd.<br>Program semináře bude do jisté míry flexibilní, protože dává prostor i aspektům současné hudby, které studenty zajímají a které si sami vyberou. Seminář slouží pro rozšíření a doplnění učiva EHV.', 0, 0, 1, 1, 0, 6, 0, 12, 1),
(57, 'HV2', 'Seminář z hudební výchovy', 'M. Roháčková', 2, 'Vyučující probírá (opakuje a doplňuje) témata podle maturitních okruhů, a to z hudebních forem (výklad, referáty), dějin hudby (výklad, referáty), teorie (cvičení), probíhají rozbory ukázek (práce s partiturou či jiným notovým materiálem), maturanti opakují formou písemných prací.<br>Cílem semináře je připravit maturanty k maturitní zkoušce a pro ostatní poznat širší spektrum skladeb z oblasti vážné hudby poslechem skladeb, převážně s partiturou či jiným notovým materiálem.', 0, 0, 0, 1, 0, 3, 0, 10, 0),
(58, 'VV', 'Seminář z výtvarné výchovy', 'A. Angelová', 2, 'Smyslem semináře z estetické výtvarné výchovy je rozšiřování znalostí z oblasti dějin umění. Pomocí obrazových prezentací, ale i návštěv galerijních prostorů studenti získávají informace o autorech, směrech, stylech a jednotlivých obdobích z výtvarné kultury.<br>Druhou částí semináře je i praktická výtvarná činnost rozvíjející individuální kreativitu a je zaměřena na samostatné výtvarné uvažování. Využívají se grafické techniky (linoryt, suchá jehla, slepotisk), ale i klasické techniky (kresba, malba). Úkoly mohou být zaměřeny i na keramickou tvorbu či kombinované techniky.<br>Studenti oktáv s předpokladem vstupu na maturitní zkoušku v druhém pololetí vypracovávají výtvarný projekt podle samostatného výběru. Ten potom tvoří součást maturitní praktické zkoušky z předmětu EVV.<br>Součástí těchto hodin jsou také vítané návštěvy obrazáren a výtvarných prostorů dle aktuální nabídky.', 0, 0, 1, 1, 1, 3, 0, 22, 0),
(59, 'M4B', 'Matematický seminář ke státní maturitě pro 8.B', 'Z. Lauschmann', 2, 'Příklady v didaktických testech z matematiky nebývají těžké, ale vyžadují opravdu dobré pochopení dané látky. Při počtu cca 25 úloh z rozmanitých témat jde i o čas, navíc k rychlé orientaci v zadání je třeba mít spolehlivý nadhled a zejména zkušenost. Příprava na tuto zkoušku tedy musí zahrnout jednak velké množství příkladů, jednak upozorňování na souvislosti mezi různými tematickými celky; pozornost je však třeba věnovat i strategii a formální stránce zápisu řešení. A právě toto všechno si klade za cíl tento seminář. ', 0, 0, 0, 1, 1, 8, 0, 25, 0),
(60, 'BI1a', 'Biologický seminář pro septimy', 'Z. Lenochová', 2, 'Seminář je určen pro zájemce o studium přírodovědných oborů a budoucím maturantům z biologie. Bude se věnovat rozšiřování a upevňování biologických znalostí a dovedností především z botaniky a zoologie, přičemž hlavní důraz bude kladen na syntézu těchto oborů optikou ekologie, evoluční biologie a dějin přírodních věd. Seminář je určen především pro septimány, v oktávě pak bude navazovat seminář z biologie člověka.', 0, 0, 1, 0, 1, 2, 0, 20, 0);

-- --------------------------------------------------------

--
-- Struktura tabulky `stav`
--

CREATE TABLE `stav` (
  `id` int(11) NOT NULL,
  `kolo` int(11) DEFAULT NULL,
  `prihlasovani` int(11) DEFAULT NULL,
  `date` datetime DEFAULT NULL
) ENGINE=InnoDB DEFAULT CHARSET=utf8 COLLATE=utf8_czech_ci;

--
-- Vypisuji data pro tabulku `stav`
--

INSERT INTO `stav` (`id`, `kolo`, `prihlasovani`, `date`) VALUES
(1, 1, 1, '2023-02-13 20:00:00'),
(30, 1, 0, '2023-02-18 09:59:02');

-- --------------------------------------------------------

--
-- Struktura tabulky `tridy`
--

CREATE TABLE `tridy` (
  `trida` varchar(8) CHARACTER SET utf8 COLLATE utf8_general_ci NOT NULL,
  `rocnik` int(11) NOT NULL,
  `hodin` int(11) NOT NULL,
  `rozsirujici` int(11) NOT NULL DEFAULT 0
) ENGINE=InnoDB DEFAULT CHARSET=utf8 COLLATE=utf8_czech_ci;

--
-- Vypisuji data pro tabulku `tridy`
--

INSERT INTO `tridy` (`trida`, `rocnik`, `hodin`, `rozsirujici`) VALUES
('4.A', 5, 2, 0),
('4.B', 5, 2, 0),
('5.A', 6, 2, 0),
('5.B', 6, 2, 0),
('6.A', 7, 6, 2),
('6.B', 7, 6, 2),
('7.A', 8, 10, 2),
('7.B', 8, 10, 2);

-- --------------------------------------------------------

--
-- Struktura tabulky `zaci`
--

CREATE TABLE `zaci` (
  `id` int(11) NOT NULL,
  `jmeno` longtext NOT NULL,
  `trida` varchar(8) CHARACTER SET utf8 COLLATE utf8_general_ci NOT NULL,
  `login` varchar(16) DEFAULT NULL,
  `byl` datetime DEFAULT NULL
) ENGINE=InnoDB DEFAULT CHARSET=utf8 COLLATE=utf8_czech_ci;

--
-- Vypisuji data pro tabulku `zaci`
--

INSERT INTO `zaci` (`id`, `jmeno`, `trida`, `login`, `byl`) VALUES
(1, 'Bartoš Matěj', '4.A', 'bartosm', '2023-02-15 20:00:39'),
(2, 'Benda Jáchym', '4.A', 'bendaj', '2023-02-15 20:05:53'),
(3, 'Caves Matěj Charles', '4.A', 'cavesm', '2023-02-15 20:03:38'),
(4, 'Černý David', '4.A', 'cernyd', '2023-02-16 18:47:27'),
(5, 'Dačeva Sára', '4.A', 'dacevas', '2023-02-15 20:07:00'),
(6, 'Ehlerová Anna', '4.A', 'ehlerova', '2023-02-16 12:19:41'),
(7, 'Holeček Eduard Jan', '4.A', 'holeceke', '2023-02-15 23:18:07'),
(8, 'Izdný Lukáš', '4.A', 'izdnyl', '2023-02-16 21:03:36'),
(9, 'Košková Adéla', '4.A', 'koskovaa', '2023-02-17 09:05:44'),
(10, 'Kožený Martin', '4.A', 'kozenym', '2023-02-15 21:35:57'),
(11, 'Krušina Matěj', '4.A', 'krusinam', '2023-02-15 21:07:53'),
(12, 'Mácha Tomáš', '4.A', 'machat', '2023-02-16 07:20:06'),
(13, 'Melcherová Viktorie', '4.A', 'melcherv', '2023-02-15 21:33:46'),
(14, 'Menšíková Kateřina', '4.A', 'mensikok', '2023-02-15 20:01:10'),
(15, 'Müller Ladislav', '4.A', 'mullerl', '2023-02-16 21:01:17'),
(16, 'Novotný Adam Maxmilian', '4.A', 'novotnya', '2023-02-15 20:00:43'),
(17, 'Orlický Josef', '4.A', 'orlickyj', '2023-02-15 20:06:30'),
(18, 'Pejša Tomáš', '4.A', 'pejsat', '2023-02-15 20:20:48'),
(19, 'Placáková Antonie', '4.A', 'placakoa', '2023-02-15 20:05:43'),
(20, 'Plačková Taťána', '4.A', 'plackovt', '2023-02-15 20:07:34'),
(21, 'Puci Magdaléna', '4.A', 'pucim', '2023-02-15 20:43:08'),
(22, 'Smolíková Anna Marie', '4.A', 'smolikoa', '2023-02-16 22:22:57'),
(23, 'Stránská Kateřina', '4.A', 'stranskk', '2023-02-15 20:00:49'),
(24, 'Strejčková Anna', '4.A', 'strejcka', '2023-02-17 14:13:32'),
(25, 'Špičková Ema', '4.A', 'spickove', '2023-02-15 20:01:56'),
(26, 'Táborská Adéla', '4.A', 'taborska', '2023-02-15 20:00:32'),
(27, 'Tomáš Jakub', '4.A', 'tomasj', '2023-02-15 20:00:47'),
(28, 'Vlasák Filip', '4.A', 'vlasakf', '2023-02-15 20:00:47'),
(29, 'Vrátilová Zuzana', '4.A', 'vratiloz', '2023-02-15 20:03:38'),
(30, 'Vystrčilová Veronika', '4.A', 'vystrciv', '2023-02-15 20:01:30'),
(31, 'Zavřelová Anna', '4.A', 'zavreloa', '2023-02-16 18:35:01'),
(32, 'Křivánek Karel', '4.A', 'krivanek', '2023-02-15 23:35:19'),
(33, 'Beneš Marek Samuel', '4.B', 'benesm', '2023-02-15 20:01:17'),
(34, 'Blabolilová Hana', '4.B', 'blabolih', '2023-02-15 20:01:20'),
(35, 'Blaženínová Nela', '4.B', 'blazenin', '2023-02-15 20:01:26'),
(36, 'Branžovská Anna', '4.B', 'branzova', '2023-02-15 20:18:52'),
(37, 'Cepl Josef', '4.B', 'ceplj', '2023-02-15 20:00:17'),
(38, 'Coufalová Anna Marie', '4.B', 'coufaloa', '2023-02-15 20:17:27'),
(39, 'Grymová Simona', '4.B', 'grymovas', '2023-02-15 20:00:36'),
(40, 'Holá Anežka', '4.B', 'holaa', '2023-02-15 20:56:53'),
(41, 'Janák David', '4.B', 'janakd', '2023-02-15 20:00:39'),
(42, 'Juřena Šimon', '4.B', 'jurenas', '2023-02-15 20:29:10'),
(43, 'Kozmiková Lucie', '4.B', 'kozmikol', '2023-02-15 20:47:28'),
(44, 'Krause Jonáš', '4.B', 'krausej', '2023-02-15 20:00:49'),
(45, 'Matulíková Agnes', '4.B', 'matulika', '2023-02-15 23:24:50'),
(46, 'Moc Kryštof Antonín', '4.B', 'mock', '2023-02-15 20:00:44'),
(47, 'Nuzík Pavel', '4.B', 'nuzikp', '2023-02-15 20:02:26'),
(48, 'Pierron Cloe', '4.B', 'pierronc', '2023-02-16 07:14:20'),
(49, 'Marešová Alžběta', '4.B', 'maresova', '2023-02-15 20:02:00'),
(50, 'Pištora Antonín', '4.B', 'pistoraa', '2023-02-15 20:13:24'),
(51, 'Rampasová Julie', '4.B', 'rampasoj', '2023-02-15 20:00:11'),
(52, 'Rousek Jiří', '4.B', 'rousekj', '2023-02-15 20:01:24'),
(53, 'Ruczaj Ondřej Štěpán', '4.B', 'ruczajo', '2023-02-15 20:00:21'),
(54, 'Salfellner Maximilian Josef', '4.B', 'salfellm', '2023-02-17 21:36:33'),
(55, 'Skrbek Eduard', '4.B', 'skrbeke', '2023-02-15 20:28:02'),
(56, 'Stránský Daniel', '4.B', 'stranskd', '2023-02-15 20:03:15'),
(57, 'Svatušková Markéta', '4.B', 'svatuskm', '2023-02-16 13:53:31'),
(58, 'Štětková Magdalena', '4.B', 'stetkovm', '2023-02-15 20:00:33'),
(59, 'Tomalová Lada', '4.B', 'tomalovl', '2023-02-15 20:04:34'),
(60, 'Uličná Anežka', '4.B', 'ulicnaa', '2023-02-15 20:02:40'),
(61, 'Vaculíková Eliška', '4.B', 'vaculike', '2023-02-15 20:08:17'),
(62, 'Vejda Matěj', '4.B', 'vejdam', '2023-02-15 20:01:00'),
(63, 'Wlodarczyková Sára Michaela', '4.B', 'wlodarcs', '2023-02-15 20:00:52'),
(64, 'Zadoyan Aram', '4.B', 'zadoyana', '2023-02-15 21:21:56'),
(65, 'Baršová Ráchel Eleonora', '4.B', 'barsovar', '2023-02-15 20:29:22'),
(66, 'Cibik Martin', '5.A', 'cibikm', '2023-02-15 20:00:16'),
(67, 'Černá Noemi', '5.A', 'cernan', '2023-02-17 08:03:29'),
(68, 'Ettler Metoděj', '5.A', 'ettlerm', '2023-02-15 20:05:16'),
(69, 'Fabianová Anežka', '5.A', 'fabianoa', '2023-02-15 20:23:41'),
(70, 'Fürbach Ondřej', '5.A', 'fuerbaco', '2023-02-15 20:03:47'),
(71, 'Hošek Jiří', '5.A', 'hosekj', '2023-02-15 20:29:47'),
(72, 'Kapičák Ivan', '5.A', 'kapicaki', '2023-02-16 13:11:01'),
(73, 'Kaprál Matěj', '5.A', 'kapralm', '2023-02-15 20:19:59'),
(74, 'Komárková Julie', '5.A', 'komarkoj', '2023-02-16 12:53:44'),
(75, 'Krausová Háta', '5.A', 'krausovh', '2023-02-17 08:03:05'),
(76, 'Kremlíková Ester', '5.A', 'kremlike', '2023-02-15 20:05:25'),
(77, 'Kroneisl Martin', '5.A', 'kroneism', '2023-02-15 20:11:43'),
(78, 'Kudrnová Anna', '5.A', 'kudrnova', '2023-02-15 20:25:28'),
(79, 'Lansu Zoe', '5.A', 'lansuz', '2023-02-15 20:06:10'),
(80, 'Loneková Eva', '5.A', 'lonekove', '2023-02-16 09:07:46'),
(81, 'Mateásková Aneta', '5.A', 'mateaska', '2023-02-16 09:38:07'),
(82, 'Mázik Mark Sebastian', '5.A', 'mazikm', '2023-02-15 20:00:52'),
(83, 'Mrázek Mikuláš', '5.A', 'mrazekm', '2023-02-15 20:02:26'),
(84, 'Nešpůrek Jakub', '5.A', 'nespurej', '2023-02-15 20:01:55'),
(85, 'Pantoflíčková Sophie', '5.A', 'pantofls', '2023-02-15 20:05:18'),
(86, 'Peřich Josef', '5.A', 'perichj', '2023-02-16 09:08:58'),
(87, 'Příklenková Hana', '5.A', 'priklenh', '2023-02-15 20:12:56'),
(88, 'Sedláčková Veronika', '5.A', 'sedlackv', '2023-02-16 09:01:42'),
(89, 'Skripnik Nikola', '5.A', 'skripnin', '2023-02-16 16:56:14'),
(90, 'Sládeček Mikuláš', '5.A', 'sladecem', '2023-02-16 21:28:01'),
(91, 'Součková Barbora', '5.A', 'souckovb', '2023-02-15 20:03:26'),
(92, 'Šolcová Tereza', '5.A', 'solcovat', '2023-02-15 20:01:38'),
(93, 'Tulachová Linda', '5.A', 'tulachol', '2023-02-15 20:00:36'),
(94, 'Vavák Jeremiáš', '5.A', 'vavakj', '2023-02-15 20:00:43'),
(95, 'Vítová Adéla', '5.A', 'vitovaa', '2023-02-16 20:33:46'),
(96, 'Lubanda Dominik', '5.A', 'lubanda1', '2023-02-16 19:33:53'),
(97, 'Bartošová Marie', '5.B', 'bartosom', '2023-02-17 08:27:49'),
(98, 'Bloudek Rudolf', '5.B', 'bloudekr', '2023-02-15 20:15:05'),
(99, 'Čejková Anna', '5.B', 'cejkovaa', '2023-02-16 16:18:07'),
(100, 'Dusová Alžběta', '5.B', 'dusovaa', '2023-02-15 20:00:37'),
(101, 'Elleder David Daniel', '5.B', 'ellederd', '2023-02-15 20:02:35'),
(102, 'Hynková - Krämerová Anna', '5.B', 'hynkovaa', '2023-02-15 20:01:01'),
(103, 'Chlebicki Luboš', '5.B', 'chlebicl', '2000-01-01 00:00:00'),
(104, 'Ilnitskiy Ignatiy', '5.B', 'ilnitski', '2023-02-15 20:01:11'),
(105, 'Kadleček Ondřej', '5.B', 'kadleceo', '2023-02-16 11:38:17'),
(106, 'Kašpar Vojtěch Martin', '5.B', 'kasparv', '2023-02-17 08:26:18'),
(107, 'Korbel Matyáš', '5.B', 'korbelm', '2023-02-15 20:02:10'),
(108, 'Mareš Kryštof', '5.B', 'maresk', '2023-02-17 23:17:14'),
(109, 'Matyášová Johana Anna', '5.B', 'matyasoj', '2023-02-16 17:30:52'),
(110, 'Menšíková Veronika', '5.B', 'mensikov', '2023-02-15 20:17:58'),
(111, 'Miškovský Josef', '5.B', 'miskovsj', '2023-02-15 20:00:15'),
(112, 'Musilová Alžběta', '5.B', 'musilova', '2023-02-16 21:40:03'),
(113, 'Píka Adam', '5.B', 'pikaa', '2023-02-17 08:28:23'),
(114, 'Pohořelý Petr', '5.B', 'pohorelp', '2023-02-15 20:02:35'),
(115, 'Sklenářová Marie', '5.B', 'sklenarm', '2023-02-15 20:00:41'),
(116, 'Skoumalová Viktorie', '5.B', 'skoumalv', '2023-02-16 11:38:45'),
(117, 'Staňa Jaromír', '5.B', 'stanaj', '2023-02-15 20:02:51'),
(118, 'Stárková Barbora', '5.B', 'starkovb', '2023-02-15 20:15:04'),
(119, 'Stluka Vojtěch', '5.B', 'stlukav', '2023-02-15 20:01:04'),
(120, 'Vácha Filip', '5.B', 'vachaf', '2023-02-15 20:02:05'),
(121, 'Váchová Sára', '5.B', 'vachovas', '2023-02-15 20:00:44'),
(122, 'Vodrážka Vojtěch', '5.B', 'vodrazkv', '2023-02-17 10:55:10'),
(123, 'Vokrouhlecký Jan', '5.B', 'vokrouhj', '2023-02-15 20:01:29'),
(124, 'Votoček Lukáš', '5.B', 'votocekl', '2023-02-15 20:00:31'),
(125, 'Bartošová Anna', '5.B', 'bartoso1', '2023-02-15 20:01:13'),
(126, 'Latypova Yelyzaveta', '5.B', 'latypovy', '2023-02-15 21:23:10'),
(128, 'Volokitin Yehor', '5.B', 'volokity', '2023-02-16 10:02:10'),
(129, 'Bezděk Štěpán', '6.A', 'bezdeks', '2023-02-15 20:02:11'),
(130, 'Bláhová Markéta', '6.A', 'blahovam', '2023-02-15 20:00:14'),
(131, 'Cejpová Emma', '6.A', 'cejpovae', '2023-02-15 20:00:29'),
(132, 'Dačeva Emma', '6.A', 'dacevae', '2023-02-15 20:01:13'),
(133, 'Dvořák Lukáš', '6.A', 'dvorakl', '2023-02-15 20:00:35'),
(134, 'Dvořáková Matylda', '6.A', 'dvorakom', '2023-02-15 20:01:33'),
(135, 'Džupin Filip Viliam', '6.A', 'dzupinf', '2023-02-15 20:00:19'),
(136, 'Grymová Karolína', '6.A', 'grymovak', '2023-02-17 08:18:11'),
(137, 'Hamala Karel', '6.A', 'hamalak', '2023-02-15 20:00:15'),
(138, 'Horáčková Kristina', '6.A', 'horackok', '2023-02-17 19:06:31'),
(139, 'Horáková Marie', '6.A', 'horakovm', '2023-02-17 11:23:29'),
(140, 'Hovořáková Eliška', '6.A', 'hovorake', '2023-02-17 12:02:21'),
(141, 'Klípová Luisa', '6.A', 'klipoval', '2023-02-15 20:00:21'),
(142, 'Laitlová Anna', '6.A', 'laitlova', '2023-02-15 20:00:41'),
(143, 'Lancingerová Barbora', '6.A', 'lancingb', '2023-02-16 21:46:35'),
(144, 'Mach David', '6.A', 'machd', '2023-02-17 08:22:02'),
(145, 'Neuvirtová Julie', '6.A', 'neuvirtj', '2023-02-16 12:25:48'),
(146, 'Novotná Laura', '6.A', 'novotnal', '2023-02-16 19:51:22'),
(147, 'Pechačová Anežka', '6.A', 'pechacoa', '2023-02-15 20:00:28'),
(148, 'Rabelová Amélie', '6.A', 'rabelova', '2023-02-15 20:00:53'),
(149, 'Sklenářová Terezie', '6.A', 'sklenart', '2023-02-17 12:02:36'),
(150, 'Svatuška Jakub', '6.A', 'svatuskj', '2023-02-15 20:07:51'),
(151, 'Špaček Jakub', '6.A', 'spacekj1', '2023-02-16 11:44:41'),
(152, 'Štrajt Ada', '6.A', 'strajtoa', '2023-02-15 20:00:42'),
(153, 'Táborský Matyáš', '6.A', 'taborskm', '2023-02-15 20:00:19'),
(154, 'Valenta Lukáš', '6.A', 'valental', '2023-02-15 20:00:40'),
(155, 'Vančura Dominik', '6.A', 'vancurad', '2023-02-17 12:03:07'),
(156, 'Vařejková Ema', '6.A', 'varejkoe', '2023-02-17 07:59:53'),
(157, 'Zethnerová Atenea', '6.A', 'zethnera', '2023-02-15 20:01:02'),
(158, 'Barešová Berta', '6.B', 'baresovb', '2023-02-17 13:37:39'),
(159, 'Bělohradská Emma Stella', '6.B', 'belohrae', '2023-02-15 20:00:22'),
(160, 'Bolomská Kateřina', '6.B', 'bolomskk', '2023-02-15 20:01:39'),
(161, 'Burkertová Ella', '6.B', 'burkerte', '2023-02-16 14:01:21'),
(162, 'Cuhrová Johana', '6.B', 'cuhrovaj', '2023-02-15 20:00:45'),
(163, 'Horská Alena', '6.B', 'horskaa', '2023-02-16 12:14:51'),
(164, 'Jansová Magdaléna', '6.B', 'jansovam', '2023-02-16 18:55:57'),
(165, 'Jobová Ester', '6.B', 'jobovae', '2023-02-15 20:00:43'),
(166, 'Kábová Anna', '6.B', 'kabovaa', '2023-02-15 20:02:10'),
(167, 'Kán Samuel', '6.B', 'kans', '2023-02-17 08:08:47'),
(168, 'Klíma Šimon', '6.B', 'klimas', '2023-02-15 20:00:20'),
(169, 'Kolář Vilém', '6.B', 'kolarv', '2023-02-16 21:49:40'),
(170, 'Lisá Terezie', '6.B', 'lisat', '2023-02-16 20:52:43'),
(171, 'Lišáková Nela', '6.B', 'lisakovn', '2023-02-15 20:00:38'),
(172, 'Lišťanská Aneta', '6.B', 'listansa', '2023-02-17 11:35:53'),
(173, 'Máca Jan', '6.B', 'macaj', '2023-02-16 14:10:20'),
(174, 'Polydor František', '6.B', 'polydorf', '2023-02-16 20:18:26'),
(175, 'Priškinová Irena', '6.B', 'priskini', '2023-02-16 21:59:58'),
(176, 'Slavický Benedikt', '6.B', 'slavickb', '2023-02-15 20:02:35'),
(177, 'Steiner Martin', '6.B', 'steiner1', '2023-02-15 20:03:00'),
(178, 'Šlemrová Karolína', '6.B', 'slemrovk', '2023-02-15 20:00:43'),
(179, 'Švábová Alžběta', '6.B', 'svabovaa', '2023-02-16 13:21:08'),
(180, 'Traugottová Ema', '6.B', 'traugote', '2023-02-17 14:47:48'),
(181, 'Votočková Eva', '6.B', 'votockoe', '2023-02-16 21:58:00'),
(182, 'Mrzenová Agáta', '6.B', 'mrzenova', '2000-01-01 00:00:00'),
(183, 'Maier Karolína', '6.B', 'maierk', '2023-02-16 20:36:39'),
(184, 'Havrylenko Anastasiia', '6.B', 'havrylea', '2023-02-16 18:21:52'),
(185, 'Cinková Olga', '7.A', 'cinkovao', '2023-02-13 20:02:27'),
(186, 'Fedačková Radka', '7.A', 'fedackor', '2023-02-13 20:00:44'),
(187, 'Glacová Julie', '7.A', 'glacovaj', '2023-02-13 20:16:42'),
(188, 'Hernych Jáchym', '7.A', 'hernychj', '2023-02-16 11:57:01'),
(189, 'Jeníček Ondřej', '7.A', 'jeniceko', '2023-02-15 20:00:27'),
(190, 'Kalendová Markéta', '7.A', 'kalendom', '2023-02-13 20:46:43'),
(191, 'Kašparová Anežka Markéta', '7.A', 'kasparoa', '2023-02-16 11:30:43'),
(192, 'Kazimírová Ema', '7.A', 'kazimire', '2023-02-13 20:00:25'),
(193, 'Kincl Matěj', '7.A', 'kinclm', '2023-02-13 20:00:29'),
(194, 'Klinecký Niklas', '7.A', 'klineckn', '2023-02-16 14:19:00'),
(195, 'Koběrský Filip', '7.A', 'koberskf', '2023-02-17 13:55:04'),
(196, 'Kozmik Zbyněk', '7.A', 'kozmikz', '2023-02-15 07:12:59'),
(197, 'Kožený Jan', '7.A', 'kozenyj', '2023-02-17 13:56:56'),
(198, 'Kratochvílová Adéla', '7.A', 'kratoch1', '2023-02-13 20:00:39'),
(199, 'Křivánková Marie', '7.A', 'krivankm', '2023-02-16 08:16:02'),
(200, 'Lisá Marie', '7.A', 'lisam', '2023-02-17 08:34:24'),
(201, 'Marešová Luisa Marie', '7.A', 'maresovl', '2023-02-13 20:00:58'),
(202, 'Mastná Tereza', '7.A', 'mastnat', '2023-02-15 14:30:22'),
(203, 'Novák Jindřich', '7.A', 'novakj', '2023-02-13 20:00:38'),
(204, 'Novák Kryštof Cyril', '7.A', 'novakk', '2023-02-13 20:00:28'),
(205, 'Pekárková Magdalena', '7.A', 'pekarkom', '2023-02-13 20:00:18'),
(206, 'Píka Martin', '7.A', 'pikam', '2023-02-16 17:39:18'),
(207, 'Pikálek Viktor', '7.A', 'pikalekv', '2023-02-13 20:00:10'),
(208, 'Plaček Vilém', '7.A', 'placekv', '2023-02-13 20:10:03'),
(209, 'Puci Alžběta', '7.A', 'pucia', '2023-02-13 20:36:08'),
(210, 'Rosický Jiří', '7.A', 'rosickyj', '2023-02-13 20:00:55'),
(211, 'Sládeček Štěpán', '7.A', 'sladeces', '2023-02-16 17:21:58'),
(212, 'Smetanová Sára', '7.A', 'smetanos', '2023-02-17 13:56:56'),
(213, 'Václavík Jan', '7.A', 'vaclavij', '2023-02-13 20:05:50'),
(214, 'Veverková Dorota', '7.A', 'veverkod', '2023-02-13 20:00:24'),
(215, 'Vrbenská Josefina', '7.A', 'vrbenskj', '2023-02-13 20:00:27'),
(216, 'Bičíková Barbora', '7.B', 'bicikovb', '2023-02-16 12:17:23'),
(217, 'Brabec Mikuláš', '7.B', 'brabecm', '2023-02-16 11:50:45'),
(218, 'Ceplová Anna Ruth', '7.B', 'ceplovaa', '2023-02-13 20:00:30'),
(219, 'Černohorský Martin', '7.B', 'cernohom', '2023-02-13 20:00:30'),
(220, 'Francová Linda', '7.B', 'francovl', '2023-02-13 20:01:02'),
(221, 'Havránková Daniela', '7.B', 'havrankd', '2023-02-13 20:00:16'),
(222, 'Havrda Cyril', '7.B', 'havrdac', '2023-02-13 20:00:29'),
(223, 'Hiršlová Hana', '7.B', 'hirslovh', '2023-02-17 12:57:57'),
(224, 'Choudhary Anisha', '7.B', 'choudhaa', '2023-02-17 13:01:28'),
(225, 'Jirglová Stella', '7.B', 'jirglovs', '2023-02-13 20:00:36'),
(226, 'Kracíková Julie', '7.B', 'kracikoj', '2023-02-15 13:16:44'),
(227, 'Král Alex', '7.B', 'krala1', '2023-02-15 17:21:46'),
(228, 'Marková Daniela', '7.B', 'markovad', '2023-02-13 20:00:33'),
(229, 'Mateásko Ondřej', '7.B', 'mateasko', '2023-02-13 20:00:15'),
(230, 'Mikula Vojtěch', '7.B', 'mikulav', '2023-02-15 17:01:29'),
(231, 'Pleskačová Ema', '7.B', 'pleskace', '2023-02-13 20:00:35'),
(232, 'Prokešová Anna', '7.B', 'prokesoa', '2023-02-17 12:02:30'),
(233, 'Pušová Kateřina', '7.B', 'pusovak', '2023-02-15 13:11:02'),
(234, 'Rückerová Anna', '7.B', 'ruckeroa', '2023-02-13 20:00:52'),
(235, 'Skalský Karel', '7.B', 'skalskyk', '2023-02-15 20:05:05'),
(236, 'Slaměník Christoph', '7.B', 'slamenic', '2023-02-13 20:00:11'),
(237, 'Studeníková Alžběta', '7.B', 'studenia', '2023-02-16 11:45:56'),
(238, 'Tejnora Štěpán', '7.B', 'tejnoras', '2023-02-13 20:06:08'),
(239, 'Tesařová Žofie', '7.B', 'tesarovz', '2023-02-13 20:01:04'),
(240, 'Tollarová Běla', '7.B', 'tollarob', '2023-02-14 21:48:29'),
(241, 'Tučková Viktória', '7.B', 'tuckovav', '2023-02-16 12:47:44'),
(242, 'Tycarová Berta', '7.B', 'tycarovb', '2023-02-13 20:00:31'),
(243, 'Vlasáková Hana', '7.B', 'vlasakoh', '2023-02-13 20:18:52'),
(244, 'Živný Michal', '7.B', 'zivnym', '2023-02-13 20:00:25'),
(245, 'Lesák Ondřej', '7.B', 'lesako', '2023-02-13 20:51:02');

-- --------------------------------------------------------

--
-- Struktura tabulky `zapsani`
--

CREATE TABLE `zapsani` (
  `id` int(11) NOT NULL,
  `zak` int(11) NOT NULL,
  `seminar` int(11) NOT NULL,
  `ro` tinyint(4) NOT NULL,
  `date` datetime DEFAULT NULL
) ENGINE=InnoDB DEFAULT CHARSET=utf8 COLLATE=utf8_czech_ci;

--
-- Vypisuji data pro tabulku `zapsani`
--

INSERT INTO `zapsani` (`id`, `zak`, `seminar`, `ro`, `date`) VALUES
(1920, 241, 52, 0, '2023-02-13 20:00:43'),
(1921, 241, 53, 0, '2023-02-13 20:00:43'),
(1922, 241, 50, 0, '2023-02-13 20:00:43'),
(1923, 241, 59, 0, '2023-02-13 20:00:43'),
(1924, 241, 54, 0, '2023-02-13 20:00:43'),
(1930, 224, 43, 0, '2023-02-13 20:00:45'),
(1931, 224, 37, 0, '2023-02-13 20:00:45'),
(1932, 224, 32, 0, '2023-02-13 20:00:45'),
(1933, 224, 2, 0, '2023-02-13 20:00:45'),
(1934, 224, 59, 0, '2023-02-13 20:00:45'),
(1946, 199, 43, 0, '2023-02-13 20:00:49'),
(1947, 199, 2, 0, '2023-02-13 20:00:49'),
(1948, 199, 30, 0, '2023-02-13 20:00:49'),
(1949, 199, 54, 0, '2023-02-13 20:00:49'),
(1950, 199, 16, 0, '2023-02-13 20:00:49'),
(1951, 204, 52, 0, '2023-02-13 20:00:53'),
(1952, 204, 31, 0, '2023-02-13 20:00:53'),
(1953, 204, 30, 0, '2023-02-13 20:00:53'),
(1954, 204, 54, 0, '2023-02-13 20:00:53'),
(1955, 204, 16, 0, '2023-02-13 20:00:53'),
(1956, 187, 43, 0, '2023-02-13 20:00:54'),
(1957, 187, 7, 0, '2023-02-13 20:00:54'),
(1958, 187, 37, 0, '2023-02-13 20:00:54'),
(1959, 187, 44, 0, '2023-02-13 20:00:54'),
(1960, 187, 15, 0, '2023-02-13 20:00:54'),
(1979, 236, 52, 0, '2023-02-13 20:01:01'),
(1980, 236, 31, 0, '2023-02-13 20:01:01'),
(1981, 236, 26, 0, '2023-02-13 20:01:01'),
(1982, 236, 59, 0, '2023-02-13 20:01:01'),
(1983, 236, 17, 0, '2023-02-13 20:01:01'),
(1984, 203, 33, 0, '2023-02-13 20:01:02'),
(1985, 203, 31, 0, '2023-02-13 20:01:02'),
(1986, 203, 50, 0, '2023-02-13 20:01:02'),
(1987, 203, 30, 0, '2023-02-13 20:01:02'),
(1988, 203, 15, 0, '2023-02-13 20:01:02'),
(2009, 205, 52, 0, '2023-02-13 20:01:05'),
(2010, 205, 50, 0, '2023-02-13 20:01:05'),
(2011, 205, 30, 0, '2023-02-13 20:01:05'),
(2012, 205, 54, 0, '2023-02-13 20:01:05'),
(2013, 205, 15, 0, '2023-02-13 20:01:05'),
(2014, 228, 52, 0, '2023-02-13 20:01:06'),
(2015, 228, 53, 0, '2023-02-13 20:01:06'),
(2016, 228, 50, 0, '2023-02-13 20:01:06'),
(2017, 228, 59, 0, '2023-02-13 20:01:06'),
(2018, 228, 54, 0, '2023-02-13 20:01:06'),
(2029, 229, 43, 0, '2023-02-13 20:01:08'),
(2030, 229, 58, 0, '2023-02-13 20:01:08'),
(2031, 229, 37, 0, '2023-02-13 20:01:08'),
(2032, 229, 59, 0, '2023-02-13 20:01:08'),
(2033, 229, 17, 0, '2023-02-13 20:01:08'),
(2039, 222, 43, 0, '2023-02-13 20:01:10'),
(2040, 222, 46, 0, '2023-02-13 20:01:10'),
(2041, 222, 37, 0, '2023-02-13 20:01:10'),
(2042, 222, 59, 0, '2023-02-13 20:01:10'),
(2043, 222, 17, 0, '2023-02-13 20:01:10'),
(2044, 212, 52, 0, '2023-02-13 20:01:12'),
(2045, 212, 7, 0, '2023-02-13 20:01:12'),
(2046, 212, 30, 0, '2023-02-13 20:01:12'),
(2047, 212, 54, 0, '2023-02-13 20:01:12'),
(2048, 212, 15, 0, '2023-02-13 20:01:12'),
(2049, 218, 43, 0, '2023-02-13 20:01:13'),
(2050, 218, 31, 0, '2023-02-13 20:01:13'),
(2051, 218, 8, 0, '2023-02-13 20:01:13'),
(2052, 218, 37, 0, '2023-02-13 20:01:13'),
(2053, 218, 44, 0, '2023-02-13 20:01:13'),
(2064, 231, 43, 0, '2023-02-13 20:01:19'),
(2065, 231, 46, 0, '2023-02-13 20:01:19'),
(2066, 231, 37, 0, '2023-02-13 20:01:19'),
(2067, 231, 38, 0, '2023-02-13 20:01:19'),
(2068, 231, 17, 0, '2023-02-13 20:01:19'),
(2089, 215, 52, 0, '2023-02-13 20:01:26'),
(2090, 215, 53, 0, '2023-02-13 20:01:26'),
(2091, 215, 50, 0, '2023-02-13 20:01:26'),
(2092, 215, 54, 0, '2023-02-13 20:01:26'),
(2093, 215, 16, 0, '2023-02-13 20:01:26'),
(2094, 225, 43, 0, '2023-02-13 20:01:26'),
(2095, 225, 58, 0, '2023-02-13 20:01:26'),
(2096, 225, 46, 0, '2023-02-13 20:01:26'),
(2097, 225, 37, 0, '2023-02-13 20:01:26'),
(2098, 225, 32, 0, '2023-02-13 20:01:26'),
(2099, 219, 33, 0, '2023-02-13 20:01:26'),
(2100, 219, 7, 0, '2023-02-13 20:01:26'),
(2102, 219, 59, 0, '2023-02-13 20:01:26'),
(2103, 219, 17, 0, '2023-02-13 20:01:26'),
(2114, 190, 33, 0, '2023-02-13 20:01:29'),
(2115, 190, 31, 0, '2023-02-13 20:01:29'),
(2116, 190, 50, 0, '2023-02-13 20:01:29'),
(2117, 190, 2, 0, '2023-02-13 20:01:29'),
(2118, 190, 16, 0, '2023-02-13 20:01:29'),
(2119, 244, 52, 0, '2023-02-13 20:01:29'),
(2120, 244, 50, 0, '2023-02-13 20:01:29'),
(2121, 244, 59, 0, '2023-02-13 20:01:29'),
(2122, 244, 54, 0, '2023-02-13 20:01:29'),
(2123, 244, 17, 0, '2023-02-13 20:01:29'),
(2129, 220, 52, 0, '2023-02-13 20:01:34'),
(2130, 220, 53, 0, '2023-02-13 20:01:34'),
(2131, 220, 50, 0, '2023-02-13 20:01:34'),
(2132, 220, 59, 0, '2023-02-13 20:01:34'),
(2133, 220, 54, 0, '2023-02-13 20:01:34'),
(2164, 198, 58, 0, '2023-02-13 20:01:35'),
(2165, 198, 32, 0, '2023-02-13 20:01:35'),
(2167, 198, 30, 0, '2023-02-13 20:01:35'),
(2168, 198, 15, 0, '2023-02-13 20:01:35'),
(2174, 234, 43, 0, '2023-02-13 20:01:35'),
(2175, 234, 7, 0, '2023-02-13 20:01:35'),
(2176, 234, 46, 0, '2023-02-13 20:01:35'),
(2177, 234, 59, 0, '2023-02-13 20:01:35'),
(2178, 234, 54, 0, '2023-02-13 20:01:35'),
(2199, 221, 43, 0, '2023-02-13 20:01:41'),
(2200, 221, 7, 0, '2023-02-13 20:01:41'),
(2201, 221, 59, 0, '2023-02-13 20:01:41'),
(2202, 221, 54, 0, '2023-02-13 20:01:41'),
(2203, 221, 17, 0, '2023-02-13 20:01:41'),
(2204, 196, 33, 0, '2023-02-13 20:01:41'),
(2205, 196, 31, 0, '2023-02-13 20:01:41'),
(2206, 196, 46, 0, '2023-02-13 20:01:41'),
(2207, 196, 30, 0, '2023-02-13 20:01:41'),
(2208, 196, 15, 0, '2023-02-13 20:01:41'),
(2228, 233, 43, 0, '2023-02-13 20:01:58'),
(2229, 233, 58, 0, '2023-02-13 20:01:58'),
(2230, 233, 8, 0, '2023-02-13 20:01:58'),
(2231, 233, 32, 0, '2023-02-13 20:01:58'),
(2232, 233, 59, 0, '2023-02-13 20:01:58'),
(2243, 186, 43, 0, '2023-02-13 20:02:16'),
(2244, 186, 31, 0, '2023-02-13 20:02:16'),
(2245, 186, 46, 0, '2023-02-13 20:02:16'),
(2246, 186, 26, 0, '2023-02-13 20:02:16'),
(2247, 186, 54, 0, '2023-02-13 20:02:16'),
(2257, 207, 43, 0, '2023-02-13 20:02:47'),
(2258, 207, 31, 0, '2023-02-13 20:02:47'),
(2259, 207, 32, 0, '2023-02-13 20:02:47'),
(2260, 207, 30, 0, '2023-02-13 20:02:47'),
(2261, 207, 15, 0, '2023-02-13 20:02:47'),
(2262, 201, 7, 0, '2023-02-13 20:02:49'),
(2263, 201, 37, 0, '2023-02-13 20:02:49'),
(2264, 201, 2, 0, '2023-02-13 20:02:49'),
(2265, 201, 30, 0, '2023-02-13 20:02:49'),
(2266, 201, 16, 0, '2023-02-13 20:02:49'),
(2267, 239, 43, 0, '2023-02-13 20:02:50'),
(2268, 239, 58, 0, '2023-02-13 20:02:50'),
(2269, 239, 38, 0, '2023-02-13 20:02:50'),
(2270, 239, 2, 0, '2023-02-13 20:02:50'),
(2271, 239, 59, 0, '2023-02-13 20:02:50'),
(2281, 242, 37, 0, '2023-02-13 20:03:19'),
(2282, 242, 38, 0, '2023-02-13 20:03:19'),
(2283, 242, 2, 0, '2023-02-13 20:03:19'),
(2284, 242, 59, 0, '2023-02-13 20:03:19'),
(2285, 242, 17, 0, '2023-02-13 20:03:19'),
(2286, 185, 33, 0, '2023-02-13 20:03:22'),
(2287, 185, 31, 0, '2023-02-13 20:03:22'),
(2288, 185, 2, 0, '2023-02-13 20:03:22'),
(2289, 185, 30, 0, '2023-02-13 20:03:22'),
(2290, 185, 15, 0, '2023-02-13 20:03:22'),
(2295, 213, 43, 0, '2023-02-13 20:03:34'),
(2296, 213, 31, 0, '2023-02-13 20:03:34'),
(2297, 213, 8, 0, '2023-02-13 20:03:34'),
(2298, 213, 44, 0, '2023-02-13 20:03:34'),
(2299, 213, 30, 0, '2023-02-13 20:03:34'),
(2304, 217, 33, 0, '2023-02-13 20:03:41'),
(2305, 217, 58, 0, '2023-02-13 20:03:41'),
(2306, 217, 37, 0, '2023-02-13 20:03:41'),
(2307, 217, 32, 0, '2023-02-13 20:03:41'),
(2308, 217, 59, 0, '2023-02-13 20:03:41'),
(2309, 206, 43, 0, '2023-02-13 20:03:45'),
(2310, 206, 2, 0, '2023-02-13 20:03:45'),
(2311, 206, 30, 0, '2023-02-13 20:03:45'),
(2312, 206, 54, 0, '2023-02-13 20:03:45'),
(2313, 206, 15, 0, '2023-02-13 20:03:45'),
(2324, 192, 7, 0, '2023-02-13 20:04:08'),
(2325, 192, 46, 0, '2023-02-13 20:04:08'),
(2326, 192, 38, 0, '2023-02-13 20:04:08'),
(2327, 192, 26, 0, '2023-02-13 20:04:08'),
(2328, 192, 15, 0, '2023-02-13 20:04:08'),
(2338, 193, 31, 0, '2023-02-13 20:04:59'),
(2339, 193, 46, 0, '2023-02-13 20:04:59'),
(2340, 193, 37, 0, '2023-02-13 20:04:59'),
(2342, 193, 15, 0, '2023-02-13 20:04:59'),
(2343, 238, 52, 0, '2023-02-13 20:05:42'),
(2344, 238, 53, 0, '2023-02-13 20:05:42'),
(2345, 238, 37, 0, '2023-02-13 20:05:42'),
(2346, 238, 59, 0, '2023-02-13 20:05:42'),
(2347, 238, 54, 0, '2023-02-13 20:05:42'),
(2360, 208, 31, 0, '2023-02-13 20:11:02'),
(2361, 208, 46, 0, '2023-02-13 20:11:02'),
(2362, 208, 26, 0, '2023-02-13 20:11:02'),
(2363, 208, 30, 0, '2023-02-13 20:11:02'),
(2364, 208, 16, 0, '2023-02-13 20:11:02'),
(2379, 214, 52, 0, '2023-02-13 20:34:00'),
(2380, 214, 53, 0, '2023-02-13 20:34:00'),
(2381, 214, 2, 0, '2023-02-13 20:34:00'),
(2382, 214, 30, 0, '2023-02-13 20:34:00'),
(2383, 214, 54, 0, '2023-02-13 20:34:00'),
(2393, 245, 33, 0, '2023-02-13 20:53:02'),
(2394, 245, 31, 0, '2023-02-13 20:53:02'),
(2395, 245, 8, 0, '2023-02-13 20:53:02'),
(2396, 245, 26, 0, '2023-02-13 20:53:02'),
(2397, 245, 17, 0, '2023-02-13 20:53:02'),
(2403, 209, 52, 0, '2023-02-13 21:13:58'),
(2404, 209, 53, 0, '2023-02-13 21:13:58'),
(2405, 209, 7, 0, '2023-02-13 21:13:58'),
(2406, 209, 2, 0, '2023-02-13 21:13:58'),
(2407, 209, 16, 0, '2023-02-13 21:13:58'),
(2421, 194, 33, 0, '2023-02-15 08:59:44'),
(2422, 194, 43, 0, '2023-02-15 08:59:44'),
(2423, 194, 31, 0, '2023-02-15 08:59:44'),
(2424, 194, 30, 0, '2023-02-15 08:59:44'),
(2425, 194, 54, 0, '2023-02-15 08:59:44'),
(2426, 191, 43, 0, '2023-02-15 09:00:48'),
(2427, 191, 7, 0, '2023-02-15 09:00:48'),
(2428, 191, 46, 0, '2023-02-15 09:00:48'),
(2429, 191, 2, 0, '2023-02-15 09:00:48'),
(2430, 191, 16, 0, '2023-02-15 09:00:48'),
(2431, 243, 43, 0, '2023-02-15 09:01:45'),
(2432, 243, 31, 0, '2023-02-15 09:01:45'),
(2433, 243, 26, 0, '2023-02-15 09:01:45'),
(2434, 243, 59, 0, '2023-02-15 09:01:45'),
(2435, 243, 17, 0, '2023-02-15 09:01:45'),
(2436, 227, 43, 0, '2023-02-15 09:02:54'),
(2437, 197, 52, 0, '2023-02-15 10:13:33'),
(2438, 197, 26, 0, '2023-02-15 10:13:33'),
(2439, 197, 30, 0, '2023-02-15 10:13:33'),
(2440, 197, 54, 0, '2023-02-15 10:13:33'),
(2441, 197, 15, 0, '2023-02-15 10:13:33'),
(2442, 211, 43, 0, '2023-02-15 11:36:39'),
(2443, 211, 44, 0, '2023-02-15 11:36:39'),
(2444, 211, 2, 0, '2023-02-15 11:36:39'),
(2445, 211, 30, 0, '2023-02-15 11:36:39'),
(2446, 211, 16, 0, '2023-02-15 11:36:39'),
(2462, 226, 43, 0, '2023-02-15 13:43:00'),
(2463, 226, 58, 0, '2023-02-15 13:43:00'),
(2464, 226, 46, 0, '2023-02-15 13:43:00'),
(2465, 226, 37, 0, '2023-02-15 13:43:00'),
(2466, 226, 59, 0, '2023-02-15 13:43:00'),
(2467, 202, 52, 0, '2023-02-15 14:29:44'),
(2468, 202, 53, 0, '2023-02-15 14:29:44'),
(2469, 202, 7, 0, '2023-02-15 14:29:44'),
(2470, 202, 2, 0, '2023-02-15 14:29:44'),
(2471, 202, 54, 0, '2023-02-15 14:29:44'),
(2477, 230, 33, 0, '2023-02-15 17:03:18'),
(2478, 230, 31, 0, '2023-02-15 17:03:18'),
(2479, 230, 8, 0, '2023-02-15 17:03:18'),
(2480, 230, 50, 0, '2023-02-15 17:03:18'),
(2481, 230, 59, 0, '2023-02-15 17:03:18'),
(2502, 32, 40, 0, '2023-02-15 20:00:23'),
(2503, 174, 6, 0, '2023-02-15 20:00:25'),
(2504, 174, 36, 0, '2023-02-15 20:00:25'),
(2505, 174, 44, 0, '2023-02-15 20:00:25'),
(2509, 130, 1, 0, '2023-02-15 20:00:29'),
(2510, 130, 36, 0, '2023-02-15 20:00:29'),
(2511, 130, 42, 0, '2023-02-15 20:00:29'),
(2515, 145, 1, 0, '2023-02-15 20:00:31'),
(2516, 145, 49, 0, '2023-02-15 20:00:31'),
(2517, 145, 44, 0, '2023-02-15 20:00:31'),
(2518, 166, 6, 0, '2023-02-15 20:00:33'),
(2519, 166, 36, 0, '2023-02-15 20:00:33'),
(2520, 166, 44, 0, '2023-02-15 20:00:33'),
(2523, 66, 28, 0, '2023-02-15 20:00:34'),
(2531, 156, 60, 0, '2023-02-15 20:00:39'),
(2532, 156, 46, 0, '2023-02-15 20:00:39'),
(2533, 156, 42, 0, '2023-02-15 20:00:39'),
(2534, 168, 33, 0, '2023-02-15 20:00:40'),
(2535, 168, 6, 0, '2023-02-15 20:00:40'),
(2536, 168, 29, 0, '2023-02-15 20:00:40'),
(2537, 153, 33, 0, '2023-02-15 20:00:40'),
(2538, 153, 6, 0, '2023-02-15 20:00:40'),
(2539, 153, 13, 0, '2023-02-15 20:00:40'),
(2547, 135, 33, 0, '2023-02-15 20:00:44'),
(2549, 135, 49, 0, '2023-02-15 20:00:44'),
(2550, 135, 13, 0, '2023-02-15 20:00:44'),
(2555, 61, 40, 0, '2023-02-15 20:00:44'),
(2557, 144, 33, 0, '2023-02-15 20:00:45'),
(2558, 144, 29, 0, '2023-02-15 20:00:45'),
(2559, 144, 13, 0, '2023-02-15 20:00:45'),
(2560, 26, 12, 0, '2023-02-15 20:00:45'),
(2561, 10, 40, 0, '2023-02-15 20:00:45'),
(2566, 151, 5, 0, '2023-02-15 20:00:45'),
(2567, 151, 42, 0, '2023-02-15 20:00:45'),
(2568, 151, 38, 0, '2023-02-15 20:00:45'),
(2569, 147, 5, 0, '2023-02-15 20:00:46'),
(2570, 147, 49, 0, '2023-02-15 20:00:46'),
(2571, 147, 44, 0, '2023-02-15 20:00:46'),
(2574, 189, 43, 0, '2023-02-15 20:00:47'),
(2575, 189, 46, 0, '2023-02-15 20:00:47'),
(2576, 189, 37, 0, '2023-02-15 20:00:47'),
(2577, 189, 38, 0, '2023-02-15 20:00:47'),
(2578, 189, 16, 0, '2023-02-15 20:00:47'),
(2580, 131, 58, 0, '2023-02-15 20:00:49'),
(2581, 131, 42, 0, '2023-02-15 20:00:49'),
(2582, 131, 32, 0, '2023-02-15 20:00:49'),
(2587, 115, 41, 0, '2023-02-15 20:00:50'),
(2589, 53, 40, 0, '2023-02-15 20:00:51'),
(2590, 109, 47, 0, '2023-02-15 20:00:51'),
(2600, 41, 3, 0, '2023-02-15 20:00:53'),
(2609, 121, 41, 0, '2023-02-15 20:00:55'),
(2610, 80, 35, 0, '2023-02-15 20:00:55'),
(2613, 118, 41, 0, '2023-02-15 20:00:56'),
(2614, 154, 36, 0, '2023-02-15 20:00:57'),
(2615, 154, 44, 0, '2023-02-15 20:00:57'),
(2616, 154, 13, 0, '2023-02-15 20:00:57'),
(2625, 111, 35, 0, '2023-02-15 20:00:58'),
(2626, 33, 3, 0, '2023-02-15 20:00:59'),
(2627, 176, 33, 0, '2023-02-15 20:00:59'),
(2628, 176, 29, 0, '2023-02-15 20:00:59'),
(2629, 176, 14, 0, '2023-02-15 20:00:59'),
(2636, 68, 41, 0, '2023-02-15 20:01:01'),
(2641, 28, 12, 0, '2023-02-15 20:01:02'),
(2642, 122, 41, 0, '2023-02-15 20:01:02'),
(2649, 178, 33, 0, '2023-02-15 20:01:04'),
(2650, 178, 29, 0, '2023-02-15 20:01:04'),
(2651, 178, 14, 0, '2023-02-15 20:01:04'),
(2655, 46, 3, 0, '2023-02-15 20:01:05'),
(2659, 12, 27, 0, '2023-02-15 20:01:08'),
(2667, 27, 40, 0, '2023-02-15 20:01:09'),
(2669, 152, 33, 0, '2023-02-15 20:01:09'),
(2670, 152, 29, 0, '2023-02-15 20:01:09'),
(2671, 152, 49, 0, '2023-02-15 20:01:09'),
(2673, 142, 58, 0, '2023-02-15 20:01:11'),
(2674, 142, 42, 0, '2023-02-15 20:01:11'),
(2675, 142, 32, 0, '2023-02-15 20:01:11'),
(2682, 112, 28, 0, '2023-02-15 20:01:13'),
(2690, 23, 40, 0, '2023-02-15 20:01:15'),
(2692, 184, 5, 0, '2023-02-15 20:01:16'),
(2693, 184, 60, 0, '2023-02-15 20:01:16'),
(2694, 184, 29, 0, '2023-02-15 20:01:16'),
(2700, 148, 58, 0, '2023-02-15 20:01:19'),
(2701, 148, 42, 0, '2023-02-15 20:01:19'),
(2702, 148, 44, 0, '2023-02-15 20:01:19'),
(2703, 58, 3, 0, '2023-02-15 20:01:19'),
(2704, 141, 5, 0, '2023-02-15 20:01:20'),
(2705, 141, 36, 0, '2023-02-15 20:01:20'),
(2706, 141, 44, 0, '2023-02-15 20:01:20'),
(2713, 124, 28, 0, '2023-02-15 20:01:21'),
(2720, 14, 12, 0, '2023-02-15 20:01:24'),
(2724, 94, 41, 0, '2023-02-15 20:01:24'),
(2754, 67, 41, 0, '2023-02-15 20:01:32'),
(2759, 125, 41, 0, '2023-02-15 20:01:35'),
(2763, 30, 12, 0, '2023-02-15 20:01:36'),
(2768, 123, 41, 0, '2023-02-15 20:01:39'),
(2777, 82, 41, 0, '2023-02-15 20:01:41'),
(2787, 104, 41, 0, '2023-02-15 20:01:44'),
(2789, 1, 27, 0, '2023-02-15 20:01:44'),
(2791, 22, 12, 0, '2023-02-15 20:01:46'),
(2797, 182, 1, 0, '2023-02-15 20:01:49'),
(2798, 182, 36, 0, '2023-02-15 20:01:49'),
(2803, 110, 29, 0, '2023-02-15 20:01:52'),
(2807, 87, 35, 0, '2023-02-15 20:01:53'),
(2810, 34, 27, 0, '2023-02-15 20:01:55'),
(2816, 134, 1, 0, '2023-02-15 20:01:56'),
(2817, 134, 36, 0, '2023-02-15 20:01:56'),
(2818, 134, 42, 0, '2023-02-15 20:01:56'),
(2829, 173, 60, 0, '2023-02-15 20:02:01'),
(2830, 173, 29, 0, '2023-02-15 20:02:01'),
(2831, 173, 14, 0, '2023-02-15 20:02:01'),
(2849, 119, 28, 0, '2023-02-15 20:02:08'),
(2856, 49, 47, 0, '2023-02-15 20:02:13'),
(2866, 155, 1, 0, '2023-02-15 20:02:22'),
(2867, 155, 29, 0, '2023-02-15 20:02:22'),
(2868, 155, 49, 0, '2023-02-15 20:02:22'),
(2870, 92, 35, 0, '2023-02-15 20:02:23'),
(2878, 102, 41, 0, '2023-02-15 20:02:31'),
(2891, 150, 1, 0, '2023-02-15 20:02:41'),
(2892, 150, 29, 0, '2023-02-15 20:02:41'),
(2893, 150, 44, 0, '2023-02-15 20:02:41'),
(2896, 24, 47, 0, '2023-02-15 20:02:45'),
(2900, 59, 40, 0, '2023-02-15 20:02:48'),
(2901, 107, 41, 0, '2023-02-15 20:02:48'),
(2904, 83, 28, 0, '2023-02-15 20:02:48'),
(2907, 161, 5, 0, '2023-02-15 20:02:51'),
(2908, 161, 58, 0, '2023-02-15 20:02:51'),
(2909, 161, 32, 0, '2023-02-15 20:02:51'),
(2914, 11, 27, 0, '2023-02-15 20:02:57'),
(2917, 101, 41, 0, '2023-02-15 20:03:02'),
(2923, 120, 41, 0, '2023-02-15 20:03:06'),
(2938, 133, 6, 0, '2023-02-15 20:03:19'),
(2939, 133, 36, 0, '2023-02-15 20:03:19'),
(2940, 133, 13, 0, '2023-02-15 20:03:19'),
(2941, 16, 12, 0, '2023-02-15 20:03:19'),
(2944, 177, 6, 0, '2023-02-15 20:03:20'),
(2945, 177, 29, 0, '2023-02-15 20:03:20'),
(2949, 13, 12, 0, '2023-02-15 20:03:22'),
(2953, 117, 35, 0, '2023-02-15 20:03:29'),
(2954, 160, 29, 0, '2023-02-15 20:03:31'),
(2955, 160, 49, 0, '2023-02-15 20:03:31'),
(2956, 160, 38, 0, '2023-02-15 20:03:31'),
(2963, 25, 12, 0, '2023-02-15 20:03:40'),
(2964, 29, 47, 0, '2023-02-15 20:03:43'),
(2965, 74, 28, 0, '2023-02-15 20:03:47'),
(2976, 70, 41, 0, '2023-02-15 20:03:57'),
(2986, 81, 28, 0, '2023-02-15 20:04:18'),
(2994, 40, 40, 0, '2023-02-15 20:04:32'),
(2997, 159, 5, 0, '2023-02-15 20:04:35'),
(2998, 159, 1, 0, '2023-02-15 20:04:35'),
(2999, 159, 38, 0, '2023-02-15 20:04:35'),
(3013, 114, 28, 0, '2023-02-15 20:04:42'),
(3024, 89, 41, 0, '2023-02-15 20:05:02'),
(3030, 60, 47, 0, '2023-02-15 20:05:16'),
(3031, 52, 40, 0, '2023-02-15 20:05:19'),
(3032, 37, 40, 0, '2023-02-15 20:05:21'),
(3033, 47, 3, 0, '2023-02-15 20:05:26'),
(3038, 79, 28, 0, '2023-02-15 20:05:46'),
(3043, 19, 3, 0, '2023-02-15 20:06:04'),
(3045, 235, 33, 0, '2023-02-15 20:06:18'),
(3046, 235, 31, 0, '2023-02-15 20:06:18'),
(3047, 235, 8, 0, '2023-02-15 20:06:18'),
(3048, 235, 50, 0, '2023-02-15 20:06:18'),
(3049, 235, 59, 0, '2023-02-15 20:06:18'),
(3052, 2, 12, 0, '2023-02-15 20:06:20'),
(3068, 5, 12, 0, '2023-02-15 20:07:19'),
(3069, 17, 27, 0, '2023-02-15 20:07:22'),
(3073, 129, 6, 0, '2023-02-15 20:07:42'),
(3074, 129, 36, 0, '2023-02-15 20:07:42'),
(3075, 129, 44, 0, '2023-02-15 20:07:42'),
(3077, 44, 47, 0, '2023-02-15 20:07:44'),
(3078, 20, 27, 0, '2023-02-15 20:07:46'),
(3079, 85, 41, 0, '2023-02-15 20:07:47'),
(3081, 76, 35, 0, '2023-02-15 20:08:06'),
(3091, 75, 28, 0, '2023-02-15 20:09:19'),
(3092, 137, 29, 0, '2023-02-15 20:09:21'),
(3093, 137, 42, 0, '2023-02-15 20:09:21'),
(3094, 137, 44, 0, '2023-02-15 20:09:21'),
(3095, 157, 1, 0, '2023-02-15 20:09:54'),
(3096, 157, 36, 0, '2023-02-15 20:09:54'),
(3097, 157, 13, 0, '2023-02-15 20:09:54'),
(3106, 84, 35, 0, '2023-02-15 20:10:30'),
(3110, 56, 40, 0, '2023-02-15 20:11:16'),
(3113, 77, 28, 0, '2023-02-15 20:12:03'),
(3117, 39, 40, 0, '2023-02-15 20:12:35'),
(3121, 98, 47, 0, '2023-02-15 20:13:35'),
(3127, 63, 40, 0, '2023-02-15 20:14:25'),
(3129, 50, 3, 0, '2023-02-15 20:14:38'),
(3131, 38, 47, 0, '2023-02-15 20:17:30'),
(3132, 36, 27, 0, '2023-02-15 20:17:55'),
(3137, 100, 6, 0, '2023-02-15 20:21:50'),
(3138, 3, 27, 0, '2023-02-15 20:21:52'),
(3139, 51, 40, 0, '2023-02-15 20:21:57'),
(3152, 55, 3, 0, '2023-02-15 20:24:45'),
(3156, 146, 5, 0, '2023-02-15 20:25:09'),
(3157, 146, 60, 0, '2023-02-15 20:25:09'),
(3158, 146, 44, 0, '2023-02-15 20:25:09'),
(3160, 62, 47, 0, '2023-02-15 20:25:16'),
(3161, 78, 28, 0, '2023-02-15 20:25:40'),
(3169, 7, 3, 0, '2023-02-15 20:28:15'),
(3170, 73, 28, 0, '2023-02-15 20:28:49'),
(3174, 42, 3, 0, '2023-02-15 20:29:44'),
(3178, 65, 47, 0, '2023-02-15 20:30:26'),
(3181, 71, 28, 0, '2023-02-15 20:30:53'),
(3182, 165, 6, 0, '2023-02-15 20:33:57'),
(3183, 165, 58, 0, '2023-02-15 20:33:57'),
(3184, 165, 32, 0, '2023-02-15 20:33:57'),
(3185, 93, 35, 0, '2023-02-15 20:33:58'),
(3187, 99, 28, 0, '2023-02-15 20:41:04'),
(3191, 21, 3, 0, '2023-02-15 20:44:44'),
(3192, 45, 40, 0, '2023-02-15 20:51:29'),
(3193, 18, 12, 0, '2023-02-15 20:53:41'),
(3194, 106, 35, 0, '2023-02-15 20:54:55'),
(3218, 105, 35, 0, '2023-02-15 21:03:57'),
(3219, 43, 3, 0, '2023-02-15 21:15:10'),
(3220, 64, 47, 0, '2023-02-15 21:22:32'),
(3221, 126, 28, 0, '2023-02-15 21:23:46'),
(3225, 108, 28, 0, '2023-02-15 21:33:51'),
(3237, 48, 47, 0, '2023-02-16 07:09:55'),
(3238, 96, 28, 0, '2023-02-16 08:59:05'),
(3241, 128, 28, 0, '2023-02-16 10:02:41'),
(3248, 237, 43, 0, '2023-02-16 11:56:04'),
(3249, 237, 8, 0, '2023-02-16 11:56:04'),
(3250, 237, 37, 0, '2023-02-16 11:56:04'),
(3251, 237, 44, 0, '2023-02-16 11:56:04'),
(3252, 237, 59, 0, '2023-02-16 11:56:04'),
(3253, 188, 53, 0, '2023-02-16 11:58:40'),
(3254, 188, 8, 0, '2023-02-16 11:58:40'),
(3255, 188, 38, 0, '2023-02-16 11:58:40'),
(3256, 188, 26, 0, '2023-02-16 11:58:40'),
(3257, 188, 16, 0, '2023-02-16 11:58:40'),
(3265, 216, 53, 0, '2023-02-16 12:18:17'),
(3266, 216, 58, 0, '2023-02-16 12:18:17'),
(3267, 216, 8, 0, '2023-02-16 12:18:17'),
(3268, 216, 37, 0, '2023-02-16 12:18:17'),
(3269, 216, 38, 0, '2023-02-16 12:18:17'),
(3270, 6, 12, 0, '2023-02-16 12:19:44'),
(3271, 116, 47, 0, '2023-02-16 12:23:56'),
(3272, 163, 58, 0, '2023-02-16 12:32:40'),
(3273, 163, 42, 0, '2023-02-16 12:32:40'),
(3274, 163, 32, 0, '2023-02-16 12:32:40'),
(3275, 132, 60, 0, '2023-02-16 12:33:50'),
(3276, 132, 42, 0, '2023-02-16 12:33:50'),
(3277, 132, 44, 0, '2023-02-16 12:33:50'),
(3278, 179, 5, 0, '2023-02-16 13:21:37'),
(3279, 179, 36, 0, '2023-02-16 13:21:37'),
(3280, 179, 46, 0, '2023-02-16 13:21:37'),
(3281, 57, 3, 0, '2023-02-16 13:54:38'),
(3282, 158, 60, 0, '2023-02-16 17:40:54'),
(3283, 158, 29, 0, '2023-02-16 17:40:54'),
(3284, 158, 49, 0, '2023-02-16 17:40:54'),
(3288, 240, 7, 0, '2023-02-16 17:56:56'),
(3289, 240, 46, 0, '2023-02-16 17:56:56'),
(3290, 240, 37, 0, '2023-02-16 17:56:56'),
(3291, 240, 44, 0, '2023-02-16 17:56:56'),
(3292, 240, 2, 0, '2023-02-16 17:56:56'),
(3297, 4, 12, 0, '2023-02-16 18:49:34'),
(3298, 180, 60, 0, '2023-02-16 18:49:44'),
(3299, 180, 29, 0, '2023-02-16 18:49:44'),
(3300, 180, 14, 0, '2023-02-16 18:49:44'),
(3301, 164, 5, 0, '2023-02-16 18:56:16'),
(3302, 164, 60, 0, '2023-02-16 18:56:16'),
(3303, 164, 49, 0, '2023-02-16 18:56:16'),
(3304, 210, 33, 0, '2023-02-16 20:26:05'),
(3305, 210, 7, 0, '2023-02-16 20:26:05'),
(3306, 210, 37, 0, '2023-02-16 20:26:05'),
(3307, 210, 30, 0, '2023-02-16 20:26:05'),
(3308, 210, 16, 0, '2023-02-16 20:26:05'),
(3309, 95, 35, 0, '2023-02-16 20:33:50'),
(3316, 170, 60, 0, '2023-02-16 20:53:15'),
(3317, 170, 29, 0, '2023-02-16 20:53:15'),
(3318, 170, 49, 0, '2023-02-16 20:53:15'),
(3323, 15, 12, 0, '2023-02-16 21:01:03'),
(3324, 8, 27, 0, '2023-02-16 21:04:03'),
(3327, 90, 41, 0, '2023-02-16 21:28:42'),
(3328, 69, 28, 0, '2023-02-16 21:28:46'),
(3332, 143, 33, 0, '2023-02-16 21:47:11'),
(3333, 143, 29, 0, '2023-02-16 21:47:11'),
(3334, 143, 13, 0, '2023-02-16 21:47:11'),
(3335, 169, 60, 0, '2023-02-16 21:51:59'),
(3336, 169, 42, 0, '2023-02-16 21:51:59'),
(3337, 169, 32, 0, '2023-02-16 21:51:59'),
(3338, 181, 60, 0, '2023-02-16 21:58:33'),
(3339, 181, 29, 0, '2023-02-16 21:58:33'),
(3340, 181, 49, 0, '2023-02-16 21:58:33'),
(3341, 175, 6, 0, '2023-02-16 22:00:48'),
(3342, 175, 49, 0, '2023-02-16 22:00:48'),
(3343, 175, 14, 0, '2023-02-16 22:00:48'),
(3344, 183, 5, 0, '2023-02-16 22:37:19'),
(3345, 183, 60, 0, '2023-02-16 22:37:19'),
(3346, 183, 44, 0, '2023-02-16 22:37:19'),
(3352, 167, 60, 0, '2023-02-17 08:08:58'),
(3353, 167, 36, 0, '2023-02-17 08:08:58'),
(3354, 167, 49, 0, '2023-02-17 08:08:58'),
(3355, 171, 5, 0, '2023-02-17 08:11:22'),
(3356, 171, 1, 0, '2023-02-17 08:11:22'),
(3357, 171, 46, 0, '2023-02-17 08:11:22'),
(3358, 200, 43, 0, '2023-02-17 08:12:00'),
(3359, 200, 8, 0, '2023-02-17 08:12:00'),
(3360, 200, 46, 0, '2023-02-17 08:12:00'),
(3361, 200, 2, 0, '2023-02-17 08:12:00'),
(3362, 200, 30, 0, '2023-02-17 08:12:00'),
(3366, 139, 5, 0, '2023-02-17 08:18:49'),
(3367, 139, 29, 0, '2023-02-17 08:18:49'),
(3368, 139, 49, 0, '2023-02-17 08:18:49'),
(3369, 136, 33, 0, '2023-02-17 08:20:28'),
(3370, 136, 6, 0, '2023-02-17 08:20:28'),
(3371, 136, 42, 0, '2023-02-17 08:20:28'),
(3373, 97, 35, 0, '2023-02-17 08:28:08'),
(3374, 113, 41, 0, '2023-02-17 08:34:26'),
(3375, 9, 27, 0, '2023-02-17 09:06:19'),
(3376, 72, 47, 0, '2023-02-17 09:13:34'),
(3377, 195, 52, 0, '2023-02-17 10:02:47'),
(3378, 195, 2, 0, '2023-02-17 10:02:47'),
(3379, 195, 30, 0, '2023-02-17 10:02:47'),
(3380, 195, 54, 0, '2023-02-17 10:02:47'),
(3381, 195, 15, 0, '2023-02-17 10:02:47'),
(3388, 172, 6, 0, '2023-02-17 11:34:50'),
(3389, 172, 29, 0, '2023-02-17 11:34:50'),
(3390, 172, 42, 0, '2023-02-17 11:34:50'),
(3391, 138, 1, 0, '2023-02-17 11:58:01'),
(3392, 138, 42, 0, '2023-02-17 11:58:01'),
(3393, 138, 38, 0, '2023-02-17 11:58:01'),
(3394, 140, 60, 0, '2023-02-17 12:02:51'),
(3395, 140, 49, 0, '2023-02-17 12:02:51'),
(3396, 140, 44, 0, '2023-02-17 12:02:51'),
(3397, 149, 29, 0, '2023-02-17 12:02:59'),
(3398, 149, 44, 0, '2023-02-17 12:02:59'),
(3399, 149, 13, 0, '2023-02-17 12:02:59'),
(3400, 232, 53, 0, '2023-02-17 12:04:33'),
(3401, 232, 58, 0, '2023-02-17 12:04:33'),
(3402, 232, 8, 0, '2023-02-17 12:04:33'),
(3403, 232, 2, 0, '2023-02-17 12:04:33'),
(3404, 232, 54, 0, '2023-02-17 12:04:33'),
(3405, 223, 8, 0, '2023-02-17 13:00:04'),
(3406, 223, 46, 0, '2023-02-17 13:00:04'),
(3407, 223, 37, 0, '2023-02-17 13:00:04'),
(3408, 223, 38, 0, '2023-02-17 13:00:04'),
(3409, 223, 54, 0, '2023-02-17 13:00:04'),
(3410, 88, 28, 0, '2023-02-17 13:54:52'),
(3411, 86, 41, 0, '2023-02-17 13:55:47'),
(3412, 91, 41, 0, '2023-02-17 14:04:06'),
(3413, 31, 40, 0, '2023-02-17 14:21:02'),
(3414, 162, 6, 0, '2023-02-17 15:53:21'),
(3415, 162, 60, 0, '2023-02-17 15:53:21'),
(3416, 162, 42, 0, '2023-02-17 15:53:21'),
(3426, 54, 47, 0, '2023-02-17 21:37:18');

--
-- Klíče pro exportované tabulky
--

--
-- Klíče pro tabulku `seminare`
--
ALTER TABLE `seminare`
  ADD PRIMARY KEY (`id`);

--
-- Klíče pro tabulku `stav`
--
ALTER TABLE `stav`
  ADD PRIMARY KEY (`id`);

--
-- Klíče pro tabulku `tridy`
--
ALTER TABLE `tridy`
  ADD PRIMARY KEY (`trida`);

--
-- Klíče pro tabulku `zaci`
--
ALTER TABLE `zaci`
  ADD PRIMARY KEY (`id`),
  ADD KEY `trida` (`trida`);

--
-- Klíče pro tabulku `zapsani`
--
ALTER TABLE `zapsani`
  ADD PRIMARY KEY (`id`),
  ADD KEY `zak` (`zak`),
  ADD KEY `seminar` (`seminar`);

--
-- AUTO_INCREMENT pro tabulky
--

--
-- AUTO_INCREMENT pro tabulku `seminare`
--
ALTER TABLE `seminare`
  MODIFY `id` int(11) NOT NULL AUTO_INCREMENT, AUTO_INCREMENT=61;

--
-- AUTO_INCREMENT pro tabulku `stav`
--
ALTER TABLE `stav`
  MODIFY `id` int(11) NOT NULL AUTO_INCREMENT, AUTO_INCREMENT=31;

--
-- AUTO_INCREMENT pro tabulku `zaci`
--
ALTER TABLE `zaci`
  MODIFY `id` int(11) NOT NULL AUTO_INCREMENT, AUTO_INCREMENT=246;

--
-- AUTO_INCREMENT pro tabulku `zapsani`
--
ALTER TABLE `zapsani`
  MODIFY `id` int(11) NOT NULL AUTO_INCREMENT, AUTO_INCREMENT=3427;

--
-- Omezení pro exportované tabulky
--

--
-- Omezení pro tabulku `zaci`
--
ALTER TABLE `zaci`
  ADD CONSTRAINT `zaci_ibfk_1` FOREIGN KEY (`trida`) REFERENCES `tridy` (`trida`);
COMMIT;

/*!40101 SET CHARACTER_SET_CLIENT=@OLD_CHARACTER_SET_CLIENT */;
/*!40101 SET CHARACTER_SET_RESULTS=@OLD_CHARACTER_SET_RESULTS */;
/*!40101 SET COLLATION_CONNECTION=@OLD_COLLATION_CONNECTION */;
